sourceText,text,level,part,translation,exampleJa,exampleEn,status,issues,notes
affect,affect,1,1,影響を及ぼす,睡眠不足は集中力に影響を及ぼすことがある。,Lack of sleep can affect your concentration.,ready,,curated_batch01
purchase,purchase,1,1,(代金を払って)購入する,,The company purchased new equipment.,ready,,matched_existing_exact
consume,consume,1,1,(資源や食料を)消費する,,Cars consume a lot of energy.,ready,,matched_existing_exact
regard,regard,1,1,(〜だと)見なす / 尊重,,Many people regard him as a great leader.,ready,,matched_existing_exact
transfer,transfer,1,1,移す / 移動させる,その病院は患者をより大きな施設へ移送した。,The hospital decided to transfer the patient to a larger facility.,ready,,curated_batch01
eliminate,eliminate,1,1,(不要なものを)排除する,,The new law could eliminate that risk.,ready,,matched_existing_exact
indicate,indicate,1,1,(事実や傾向を)示す,,Dark clouds indicate rain.,ready,,matched_existing_exact
ensure,ensure,1,1,(確実に)そうさせる,,Please check the map to ensure accuracy.,ready,,matched_existing_exact
expand,expand,1,1,(規模を)拡大する,,The company plans to expand overseas.,ready,,matched_existing_exact
construct,construct,1,1,(建物などを)建設する,,Workers constructed a temporary bridge.,ready,,matched_existing_exact
invest,invest,1,1,(資金を)投資する,,The company plans to invest in training.,ready,,matched_existing_exact
obtain,obtain,1,1,(努力して)得る,,You must obtain permission first.,ready,,matched_existing_exact
struggle,struggle,1,1,苦闘する / もがく,多くの家庭が家賃を払うのに苦労している。,Many families struggle to pay the rent.,ready,,curated_batch01
counter,counter,1,1,反対する / 対抗する,,The senator countered the proposal with a different plan.,ready,,curated_batch43
associate,associate,1,1,関連づける / 結びつける,多くの人がそのブランドを信頼性と結びつけている。,Many people associate the brand with reliability.,ready,,curated_batch01
register,register,1,1,登録する,金曜日までにオンラインで登録してください。,Please register online by Friday.,ready,,curated_batch01
species,species,1,1,種,この種はその島にしか生息していない。,This species lives only on the island.,ready,,curated_batch01
diet,diet,1,1,食事 / 食生活,医師は彼に塩分の少ない食事を勧めた。,The doctor advised him to follow a low-salt diet.,ready,,curated_batch01
facility,facility,1,1,施設,そのスポーツ施設は朝6時に開く。,The sports facility opens at six in the morning.,ready,,curated_batch01
resident,resident,1,1,住民,すべての住民に避難のお知らせが配られた。,Every resident received a notice about the evacuation.,ready,,curated_batch01
option,option,1,1,選択肢,その時点では待つしか選択肢がなかった。,"At that point, waiting was our only option.",ready,,curated_batch01
organ,organ,1,1,臓器,心臓は体にとって重要な臓器だ。,The heart is a vital organ in the body.,ready,,curated_batch01
critic,critic,1,1,批評家 / 批判者,ある批評家はその映画を今年最高だと評価した。,One critic called the film the best of the year.,ready,,curated_batch01
region,region,1,1,地域 / 地方,,Rice is grown throughout the region.,ready,,matched_existing_exact
access,access,1,1,利用する / 接続する,学生は自宅から図書館のデータベースにアクセスできる。,Students can access the library database from home.,ready,,curated_batch01
virus,virus,1,1,ウイルス,新しいウイルスが町じゅうに急速に広がった。,A new virus spread quickly through the town.,ready,,curated_batch01
evidence,evidence,1,1,証拠,その報告書には不正の明確な証拠が示されていた。,The report provided clear evidence of fraud.,ready,,curated_batch01
attempt,attempt,1,1,試み / 試みること,彼女の最初の試みは予想以上にうまくいった。,Her first attempt was more successful than expected.,ready,,curated_batch01
account,account,1,1,説明 / 報告,彼の事故の説明はとても詳しかった。,His account of the accident was very detailed.,ready,,curated_batch01
theory,theory,1,1,理論,彼女の理論は需要の急減を説明している。,Her theory explains the sudden drop in demand.,ready,,curated_batch01
factor,factor,1,1,(結果に影響する)要因,,Sleep is a key factor in health.,ready,,matched_existing_exact
chemical,chemical,1,1,化学の / 化学物質,化学廃棄物が川を汚染した。,Chemical waste polluted the river.,ready,,curated_batch01
income,income,1,1,収入 / 所得,,His income fell last year.,ready,,matched_existing_exact
shortage,shortage,1,1,不足,熱波により深刻な水不足が起きた。,The heat wave caused a serious water shortage.,ready,,curated_batch01
poverty,poverty,1,1,貧困 / 貧しさ,,Many children still live in poverty.,ready,,matched_existing_exact
criminal,criminal,1,1,犯罪者 / 犯罪の,その犯罪者は駅の近くで逮捕された。,The criminal was arrested near the station.,ready,,curated_batch01
authority,authority,1,1,権限 / 権威,予算を承認する権限は市長にある。,The authority to approve the budget belongs to the mayor.,ready,,curated_batch01
atmosphere,atmosphere,1,1,雰囲気 / 大気,その店には落ち着いた雰囲気がある。,The restaurant has a calm atmosphere.,ready,,curated_batch01
weapon,weapon,1,1,武器,警察は現場で隠されていた武器を見つけた。,The police found a hidden weapon at the scene.,ready,,curated_batch01
nutrient,nutrient,1,1,栄養素,たんぱく質は体に不可欠な栄養素だ。,Protein is an essential nutrient for the body.,ready,,curated_batch01
expense,expense,1,1,費用 / 経費,その出張費は会社の経費として処理された。,The travel expense was approved as a business cost.,ready,,curated_batch01
structure,structure,1,1,構造物 / 構造,その構造物は地震で一部損傷した。,The structure was partly damaged in the earthquake.,ready,,curated_batch01
procedure,procedure,1,1,手順 / 手続き,その手続きは10分もかからない。,The procedure takes less than ten minutes.,ready,,curated_batch01
minimum,minimum,1,1,最小の,,A minimum fee will be charged.,ready,,matched_existing_exact
resource,resource,1,1,資源 / 活用できる手段,,Time is a limited resource.,ready,,matched_existing_exact
regulation,regulation,1,1,規制 / 規則,新しい規制は6月に施行される。,The new regulation will take effect in June.,ready,,curated_batch01
contract,contract,1,1,契約,両者は昨日その契約に署名した。,Both sides signed the contract yesterday.,ready,,curated_batch01
insurance,insurance,1,1,保険,旅行保険は高額な医療費を補償してくれることがある。,Travel insurance can cover expensive medical treatment.,ready,,curated_batch01
employment,employment,1,1,雇用 / 就職,その地域では安定した雇用を見つけるのが難しい。,Stable employment is hard to find in the area.,ready,,curated_batch01
ban,ban,1,1,禁止 / 禁止すること,市は公園での喫煙禁止を導入した。,The city introduced a ban on smoking in parks.,ready,,curated_batch01
vehicle,vehicle,1,1,車両 / 乗り物,緊急車両が交差点を高速で通過した。,An emergency vehicle passed through the intersection at high speed.,ready,,curated_batch01
soil,soil,1,1,土壌 / 土,肥沃な土壌は作物の成長を助ける。,Rich soil helps crops grow well.,ready,,curated_batch01
cargo,cargo,1,1,積み荷 / 貨物,その船は夜のうちに貨物を積み込んだ。,The ship loaded its cargo during the night.,ready,,curated_batch01
aircraft,aircraft,1,1,航空機,その航空機は激しい雨の中でも安全に着陸した。,The aircraft landed safely in heavy rain.,ready,,curated_batch01
current,current,1,1,現在の / 今の,現在の計画は予算を超えている。,The current plan is over budget.,ready,,curated_batch01
political,political,1,1,政治的な,その議論はすぐに政治的なものになった。,The discussion quickly became political.,ready,,curated_batch01
significant,significant,1,1,重要な / かなり大きい,その方針変更は学生に大きな影響を与えた。,The policy change had a significant impact on students.,ready,,curated_batch01
effective,effective,1,1,効果的な / 有効な,定期的な復習は語彙を定着させる効果的な方法だ。,Regular review is an effective way to retain vocabulary.,ready,,curated_batch02
military,military,1,1,軍の / 軍事の,その島はかつて軍の基地として使われていた。,The island was once used as a military base.,ready,,curated_batch02
essential,essential,1,1,(なくてはならない)不可欠な,,Water is essential for life.,ready,,matched_existing_exact
illegal,illegal,1,1,違法な,その川に廃棄物を捨てるのは違法だ。,It is illegal to dump waste into the river.,ready,,curated_batch02
immune,immune,1,1,免疫のある / 影響を受けない,誰もストレスの影響を完全には免れない。,No one is completely immune to stress.,ready,,curated_batch02
numerous,numerous,1,1,数多くの / 多数の,,The city offers numerous cultural events.,ready,,matched_existing_exact
extreme,extreme,1,1,極端な / 非常な,その地域では夏に極端な暑さになることがある。,The area can experience extreme heat in summer.,ready,,curated_batch02
agricultural,agricultural,1,1,農業の,その地域の経済は主に農業生産に依存している。,The local economy depends largely on agricultural production.,ready,,curated_batch02
overall,overall,1,1,(全体としての)全体的な,,"Overall, the results were encouraging.",ready,,matched_existing_exact
additional,additional,1,1,追加の,詳しい分析の前に追加のデータが必要だ。,We need additional data before making a detailed analysis.,ready,,curated_batch02
entire,entire,1,1,全体の / 全部の,停電のため、建物全体が暗くなった。,The entire building went dark during the power outage.,ready,,curated_batch02
severe,severe,1,1,深刻な / 厳しい,その地域は冬に深刻な水不足に直面した。,The region faced a severe water shortage in winter.,ready,,curated_batch02
alter,alter,1,1,(部分的に)変更する,,The storm altered our travel plans.,ready,,matched_existing_exact
adopt,adopt,1,1,採用する / 取り入れる,その学校は来年、新しい評価制度を採用する予定だ。,The school plans to adopt a new evaluation system next year.,ready,,curated_batch02
determine,determine,1,1,決定する / 突き止める,検査でその水が安全かどうかがわかるだろう。,The tests will determine whether the water is safe.,ready,,curated_batch02
enable,enable,1,1,可能にする,このアプリを使えば、生徒は自宅でも発音練習ができる。,This app enables students to practice pronunciation at home.,ready,,curated_batch02
conduct,conduct,1,1,(調査などを)行う / 行動,,The team conducted a survey.,ready,,matched_existing_exact
absorb,absorb,1,1,吸収する,乾いた土は雨水をすぐに吸収した。,The dry soil quickly absorbed the rainwater.,ready,,curated_batch02
imply,imply,1,1,暗に意味する / ほのめかす,彼女の返事は、計画に賛成していないことを示唆していた。,Her reply implied that she did not support the plan.,ready,,curated_batch02
operate,operate,1,1,(機械などを)操作する,,The clinic operates 24 hours a day.,ready,,matched_existing_exact
demonstrate,demonstrate,1,1,(事実を)示す,,The experiment demonstrated the theory.,ready,,matched_existing_exact
boost,boost,1,1,押し上げる / 増加させる,そのキャンペーンは地元産品の売り上げを押し上げた。,The campaign helped boost sales of local products.,ready,,curated_batch02
monitor,monitor,1,1,(継続して)監視する,,Doctors will monitor his progress.,ready,,matched_existing_exact
defeat,defeat,1,1,打ち負かす / 敗北させる,そのチームは決勝で昨年の王者を破った。,The team defeated last year's champion in the final.,ready,,curated_batch02
protest,protest,1,1,抗議する / 抗議,住民たちはその建設計画に抗議するために集まった。,Residents gathered to protest against the construction plan.,ready,,curated_batch02
preserve,preserve,1,1,(価値あるものを)保護する,,These efforts help preserve local traditions.,ready,,matched_existing_exact
oppose,oppose,1,1,(案や人に)反対する,,Several residents oppose the plan.,ready,,matched_existing_exact
migrate,migrate,1,1,(別の土地へ)移住する,,Some birds migrate south in winter.,ready,,matched_existing_exact
analyze,analyze,1,1,(データなどを)分析する,,Researchers analyzed the survey data.,ready,,matched_existing_exact
discourage,discourage,1,1,思いとどまらせる / やる気をなくさせる,その先生は生徒が質問するのを決してためらわせなかった。,The teacher never discouraged students from asking questions.,ready,,curated_batch02
confirm,confirm,1,1,(事実を)確認する,,Please confirm your reservation by Friday.,ready,,matched_existing_exact
intend,intend,1,1,意図する / つもりである,彼女は卒業後に海外で働くつもりだ。,She intends to work abroad after graduation.,ready,,curated_batch02
predict,predict,1,1,(将来を)予測する,,No one can predict the future exactly.,ready,,matched_existing_exact
transportation,transportation,1,1,交通機関 / 輸送,この町では公共交通機関が限られている。,Public transportation is limited in this town.,ready,,curated_batch02
institution,institution,1,1,制度 / 機関,,The school is a public institution.,ready,,matched_existing_exact
theft,theft,1,1,窃盗 / 盗難,警察は自転車の盗難について調べている。,The police are investigating the theft of several bicycles.,ready,,curated_batch02
candidate,candidate,1,1,候補者,その候補者は教育改革を主要な公約にした。,The candidate made education reform a central promise.,ready,,curated_batch02
mammal,mammal,1,1,哺乳類,クジラは魚ではなく哺乳類だ。,"A whale is a mammal, not a fish.",ready,,curated_batch02
economist,economist,1,1,経済学者,その経済学者は来年の成長率を慎重に予測した。,The economist offered a cautious forecast for next year's growth.,ready,,curated_batch02
protein,protein,1,1,たんぱく質,成長期の子どもには十分なたんぱく質が必要だ。,Growing children need enough protein in their diet.,ready,,curated_batch02
immigrant,immigrant,1,1,移民,その町では多くの移民が小さな店を営んでいる。,Many immigrants run small businesses in the town.,ready,,curated_batch02
habitat,habitat,1,1,(動植物の)生息地,,This bird has lost its habitat.,ready,,matched_existing_exact
symptom,symptom,1,1,症状,高熱は感染症の初期症状の一つかもしれない。,A high fever may be an early symptom of infection.,ready,,curated_batch02
eruption,eruption,1,1,噴火,火山の噴火で近くの空港が閉鎖された。,The volcanic eruption forced the nearby airport to close.,ready,,curated_batch02
quantity,quantity,1,1,量,この実験では少量の水しか必要としない。,The experiment requires only a small quantity of water.,ready,,curated_batch02
territory,territory,1,1,領土 / 領域,その航空機は許可なく他国の領空に入った。,The aircraft entered another country's territory without permission.,ready,,curated_batch02
sufferer,sufferer,1,1,苦しむ人 / 患者,その患者は長年、重い頭痛に苦しんでいた。,The sufferer had lived with severe headaches for years.,ready,,curated_batch03
emission,emission,1,1,排出 / 排出物,新しい規制は有害ガスの排出を制限している。,The new regulation limits the emission of harmful gases.,ready,,curated_batch02
executive,executive,1,1,幹部 / 経営陣,,The executive approved the plan.,ready,,matched_existing_exact
riot,riot,1,1,暴動,試合後の暴動で数人がけがをした。,Several people were injured in the riot after the match.,ready,,curated_batch02
medication,medication,1,1,薬 / 薬物治療,その薬は食後に服用してください。,Please take the medication after meals.,ready,,curated_batch02
productivity,productivity,1,1,生産性,静かな職場は生産性の向上につながることが多い。,A quiet workplace often improves productivity.,ready,,curated_batch02
organism,organism,1,1,生物 / 生物体,その池には肉眼では見えない微小な生物がいる。,Tiny organisms live in the pond beyond the reach of the naked eye.,ready,,curated_batch02
representative,representative,1,1,代表者,各学年から一人ずつ代表者が選ばれた。,One representative was chosen from each grade.,ready,,curated_batch02
warehouse,warehouse,1,1,倉庫,火災の後、倉庫の安全点検が行われた。,The warehouse was inspected for safety after the fire.,ready,,curated_batch02
refund,refund,1,1,返金 / 払い戻し,商品に欠陥があったため、彼は返金を受けた。,He received a refund because the product was defective.,ready,,curated_batch02
tuition,tuition,1,1,授業料,その奨学金は授業料の半分をまかなう。,The scholarship covers half of the tuition.,ready,,curated_batch02
victim,victim,1,1,被害者 / 犠牲者,救助隊は地震の被害者を一晩中捜した。,Rescue teams searched all night for victims of the earthquake.,ready,,curated_batch02
dose,dose,1,1,1回分の薬 / 投与量,医師はその子どもに少量の薬を処方した。,The doctor prescribed a small dose for the child.,ready,,curated_batch03
mainland,mainland,1,1,本土,嵐のため、島と本土を結ぶ便が止まった。,The storm stopped flights between the island and the mainland.,ready,,curated_batch03
waterfall,waterfall,1,1,滝,私たちは森の奥で美しい滝を見つけた。,We found a beautiful waterfall deep in the forest.,ready,,curated_batch03
satellite,satellite,1,1,衛星,その衛星は毎日、地球の画像を送ってくる。,The satellite sends images of the Earth every day.,ready,,curated_batch03
evolution,evolution,1,1,進化,その展示は馬の進化の過程を説明している。,The exhibit explains the evolution of horses.,ready,,curated_batch03
prey,prey,1,1,獲物,その鳥は高い空から地上の獲物を探した。,The bird searched for prey from high in the sky.,ready,,curated_batch03
bystander,bystander,1,1,見物人 / 居合わせた人,居合わせた人の一人がすぐに救急車を呼んだ。,One bystander called an ambulance right away.,ready,,curated_batch03
creature,creature,1,1,生き物 / 動物,その湖には奇妙な生き物がすんでいるという話がある。,There is a story about a strange creature living in the lake.,ready,,curated_batch03
civilization,civilization,1,1,文明,その博物館では古代文明の道具が展示されている。,The museum displays tools from an ancient civilization.,ready,,curated_batch03
tribe,tribe,1,1,部族,その地域には独自の言語を持つ部族が暮らしている。,A tribe with its own language lives in the region.,ready,,curated_batch03
permission,permission,1,1,許可,写真を使う前に、先生の許可を得てください。,Please get the teacher's permission before using the photo.,ready,,curated_batch03
barrier,barrier,1,1,障壁 / 妨げ,,Cost is a major barrier.,ready,,matched_existing_exact
wage,wage,1,1,賃金,その会社は最低賃金を上回る給料を払っている。,The company pays wages above the minimum standard.,ready,,curated_batch03
drone,drone,1,1,ドローン,調査チームはドローンで被害の範囲を確認した。,The survey team used a drone to check the area of damage.,ready,,curated_batch03
appearance,appearance,1,1,外見 / 見た目,その建物は古いが、外見はよく手入れされている。,"The building is old, but its appearance is well maintained.",ready,,curated_batch03
embassy,embassy,1,1,大使館,彼女はビザの相談のために大使館を訪れた。,She visited the embassy to ask about her visa.,ready,,curated_batch03
skeleton,skeleton,1,1,骨格 / 骨組み,博物館には巨大な恐竜の骨格が展示されていた。,The museum displayed the skeleton of a giant dinosaur.,ready,,curated_batch03
wildlife,wildlife,1,1,野生生物,その国立公園は豊かな野生生物で知られている。,The national park is known for its rich wildlife.,ready,,curated_batch03
potential,potential,1,1,(将来の)可能性を持つ,,The area has great potential for growth.,ready,,matched_existing_exact
limited,limited,1,1,限られた,座席数が限られているので、早めの予約が必要だ。,"Seats are limited, so early booking is necessary.",ready,,curated_batch03
rural,rural,1,1,(都市でなく)地方の,,She grew up in a rural area.,ready,,matched_existing_exact
advanced,advanced,1,1,高度な / 進んだ,その病院は高度な医療機器を備えている。,The hospital is equipped with advanced medical devices.,ready,,curated_batch03
beneficial,beneficial,1,1,(役に立って)有益な,,Regular exercise is beneficial to mental health.,ready,,matched_existing_exact
genetic,genetic,1,1,遺伝の / 遺伝子的な,その病気には遺伝的な要因が関係していることがある。,The disease can involve genetic factors.,ready,,curated_batch03
radical,radical,1,1,急進的な / 抜本的な,その市長は交通問題に対して抜本的な改革を提案した。,The mayor proposed a radical reform for the traffic problem.,ready,,curated_batch03
hostile,hostile,1,1,(相手に敵意を示す)敵対的な,,The audience was openly hostile.,ready,,matched_existing_exact
long-term,long-term,1,1,長期的な,その会社は短期の利益より長期的な成長を重視している。,The company values long-term growth over short-term profit.,ready,,curated_batch03
Arctic,Arctic,1,1,北極の / 北極地方,研究者たちは北極の氷の変化を観測している。,Researchers are observing changes in Arctic ice.,ready,,curated_batch03
risky,risky,1,1,危険な / リスクのある,十分な準備なしで登山するのは危険だ。,Climbing the mountain without enough preparation is risky.,ready,,curated_batch03
competitive,competitive,1,1,競争の激しい / 競争力のある,その業界で生き残るには競争力のある価格が必要だ。,A competitive price is necessary to survive in the industry.,ready,,curated_batch03
affordable,affordable,1,1,(価格が)手ごろな,,The city needs more affordable housing.,ready,,matched_existing_exact
donate,donate,1,1,(金品を)寄付する,,Many people donated clothes after the fire.,ready,,matched_existing_exact
lessen,lessen,1,1,減らす / 和らげる,その薬は痛みを和らげるのに役立った。,The medicine helped lessen the pain.,ready,,curated_batch03
manufacture,manufacture,1,1,(製品を)製造する,,The factory manufactures medical equipment.,ready,,matched_existing_exact
commute,commute,1,1,通勤する / 通学する,彼は毎日一時間かけて東京まで通勤している。,He commutes to Tokyo for an hour every day.,ready,,curated_batch03
exaggerate,exaggerate,1,1,誇張する,問題を必要以上に誇張しないようにしよう。,Let us not exaggerate the problem more than necessary.,ready,,curated_batch03
suspect,suspect,1,1,疑う / 容疑者,警察はその火事が放火ではないかと疑っている。,The police suspect that the fire was caused on purpose.,ready,,curated_batch03
acquire,acquire,1,1,(知識や技能を)身につける,,He acquired new skills abroad.,ready,,matched_existing_exact
reintroduce,reintroduce,1,1,再導入する / 戻す,その学校は来年、土曜授業を再導入する予定だ。,The school plans to reintroduce Saturday classes next year.,ready,,curated_batch03
reschedule,reschedule,1,1,予定を変更する,台風のため、会議は来週に変更された。,The meeting was rescheduled for next week because of the typhoon.,ready,,curated_batch03
adapt,adapt,1,1,(環境に)適応する,,Animals must adapt to changing environments.,ready,,matched_existing_exact
generate,generate,1,1,(新しいものを)生み出す,,The campaign generated a lot of interest.,ready,,matched_existing_exact
guarantee,guarantee,1,1,(結果を)保証する,,The store cannot guarantee delivery by Friday.,ready,,matched_existing_exact
dump,dump,1,1,投棄する / 捨てる,その工場は川にごみを捨ててはいけない。,The factory must not dump waste into the river.,ready,,curated_batch03
classify,classify,1,1,分類する,研究者たちはその植物を種類ごとに分類した。,The researchers classified the plants by type.,ready,,curated_batch03
acknowledge,acknowledge,1,1,(事実として)認める,,She acknowledged the mistake.,ready,,matched_existing_exact
enforce,enforce,1,1,施行する / 守らせる,市は新しい駐車規則を厳しく施行した。,The city strictly enforced the new parking rules.,ready,,curated_batch03
renew,renew,1,1,更新する / 再開する,彼は今月、運転免許を更新しなければならない。,He has to renew his driver's license this month.,ready,,curated_batch03
overlook,overlook,1,1,見落とす,忙しいときでも、小さなミスを見落としてはいけない。,We must not overlook small mistakes even when we are busy.,ready,,curated_batch03
evaluate,evaluate,1,1,(結果や効果を)評価する,,The panel will evaluate the proposals.,ready,,matched_existing_exact
argument,argument,1,1,議論 / 口論,二人の間の口論はすぐに終わった。,The argument between the two people ended quickly.,ready,,curated_batch03
archaeologist,archaeologist,1,1,考古学者,その考古学者は砂漠で古代の都市跡を発見した。,The archaeologist discovered the remains of an ancient city in the desert.,ready,,curated_batch03
reputation,reputation,1,1,評判 / 名声,その店は丁寧なサービスで良い評判を得ている。,The store has a good reputation for careful service.,ready,,curated_batch03
fossil,fossil,1,1,化石,その博物館には恐竜の化石が展示されている。,The museum displays fossils of dinosaurs.,ready,,curated_batch04
status,status,1,1,地位 / 状況,患者の容体について最新の状況が報告された。,The latest status of the patient was reported.,ready,,curated_batch04
contrast,contrast,1,1,対照 / 対比,都会と地方の生活の対比はとても興味深い。,The contrast between urban and rural life is very interesting.,ready,,curated_batch04
workplace,workplace,1,1,職場,安全な職場を作ることは会社の責任だ。,It is a company's duty to create a safe workplace.,ready,,curated_batch04
equality,equality,1,1,平等,その法律は教育の機会の平等を目指している。,The law aims to ensure equality in educational opportunity.,ready,,curated_batch04
colleague,colleague,1,1,同僚,彼女は同僚と協力して新しい企画を仕上げた。,She worked with her colleagues to finish the new project.,ready,,curated_batch04
assistance,assistance,1,1,援助 / 支援,高齢者には買い物の支援が必要な場合がある。,Older people may need assistance with shopping.,ready,,curated_batch04
luxury,luxury,1,1,ぜいたく / 高級品,当時、電話は一部の人にとってぜいたく品だった。,"At that time, a telephone was a luxury for some people.",ready,,curated_batch04
outbreak,outbreak,1,1,発生 / 勃発,感染症の発生を受けて学校は一時閉鎖された。,The school was closed temporarily after the outbreak of the disease.,ready,,curated_batch04
council,council,1,1,評議会 / 協議会,市議会は新しい予算案について話し合った。,The city council discussed the new budget plan.,ready,,curated_batch04
pottery,pottery,1,1,陶器 / 陶芸,その地域は伝統的な陶器づくりで知られている。,The region is known for its traditional pottery.,ready,,curated_batch04
assignment,assignment,1,1,課題 / 割り当て,先生は月曜日までに提出する課題を出した。,The teacher gave us an assignment due on Monday.,ready,,curated_batch04
particle,particle,1,1,粒子,その機械は空気中の細かい粒子を取り除くことができる。,The machine can remove tiny particles from the air.,ready,,curated_batch04
radiation,radiation,1,1,放射線,その研究所では放射線の安全管理が厳しく行われている。,Radiation safety is strictly managed at the laboratory.,ready,,curated_batch04
priority,priority,1,1,(先に扱うべき)優先事項,,Safety is our top priority.,ready,,matched_existing_exact
destination,destination,1,1,目的地,その列車は予定より遅れて目的地に着いた。,The train reached its destination later than scheduled.,ready,,curated_batch04
mine,mine,1,1,鉱山,,The old mine closed many years ago.,ready,,curated_batch43
injury,injury,1,1,けが / 負傷,その選手はひざのけがから回復しつつある。,The player is recovering from a knee injury.,ready,,curated_batch04
lottery,lottery,1,1,宝くじ / 抽選,その人気公演のチケットは抽選で販売された。,Tickets for the popular show were sold by lottery.,ready,,curated_batch04
feature,feature,1,1,特徴 / 機能,このアプリの便利な機能の一つは音声検索だ。,One useful feature of this app is voice search.,ready,,curated_batch04
diabetes,diabetes,1,1,糖尿病,運動と食事管理は糖尿病の予防に役立つ。,Exercise and diet control help prevent diabetes.,ready,,curated_batch04
bulb,bulb,1,1,電球,廊下の電球が切れていたので交換した。,We replaced the bulb in the hallway.,ready,,curated_batch04
résumé,resume,1,1,職務経歴書 / 履歴書,,She updated her resume before the interview.,ready,,curated_batch43|allow_duplicate_text
mud,mud,1,1,泥,大雨の後で道は深い泥に覆われていた。,The road was covered with deep mud after the heavy rain.,ready,,curated_batch04
psychology,psychology,1,1,心理学,彼女は大学で発達心理学を学んでいる。,She studies developmental psychology at university.,ready,,curated_batch04
corporation,corporation,1,1,企業 / 法人,その企業は海外にも多くの支社を持っている。,The corporation has many branches overseas.,ready,,curated_batch04
ecosystem,ecosystem,1,1,生態系,その湖の生態系は外来種の影響を受けている。,The lake's ecosystem is affected by invasive species.,ready,,curated_batch04
promotion,promotion,1,1,昇進 / 販売促進,彼は長年の努力の末に昇進した。,He earned a promotion after years of hard work.,ready,,curated_batch04
administration,administration,1,1,運営 / 行政,学校の運営には多くの人の協力が必要だ。,The administration of a school requires the help of many people.,ready,,curated_batch04
complaint,complaint,1,1,苦情 / 不満,店にはサービスに関する苦情が数件寄せられた。,The store received several complaints about its service.,ready,,curated_batch04
debt,debt,1,1,借金 / 負債,その会社は多額の借金を抱えていた。,The company was burdened with a large debt.,ready,,curated_batch04
requirement,requirement,1,1,必要条件 / 要件,応募する前に必要条件をよく確認してください。,Please check the requirements carefully before applying.,ready,,curated_batch04
workforce,workforce,1,1,労働力 / 全従業員,その会社は海外で労働力を拡大している。,The company is expanding its workforce overseas.,ready,,curated_batch04
preference,preference,1,1,好み / 選好,食べ物の好みは人によって大きく異なる。,Food preferences vary greatly from person to person.,ready,,curated_batch04
refugee,refugee,1,1,難民,その国は多くの難民を受け入れる準備を進めている。,The country is preparing to accept many refugees.,ready,,curated_batch04
inhabitant,inhabitant,1,1,住民 / 居住者,その島の住民は昔から漁業で暮らしてきた。,The inhabitants of the island have long lived by fishing.,ready,,curated_batch04
subscription,subscription,1,1,購読 / 定期契約,その動画サービスの定期契約を更新した。,I renewed my subscription to the video service.,ready,,curated_batch04
recipient,recipient,1,1,受取人 / 受領者,その賞の受賞者は来週発表される。,The recipient of the award will be announced next week.,ready,,curated_batch04
shift,shift,1,1,変化 / 交代勤務,消費者の考え方に大きな変化が起きている。,A major shift is taking place in consumer attitudes.,ready,,curated_batch04
vessel,vessel,1,1,船舶 / 容器,その船舶は夜明け前に港を出た。,The vessel left the port before dawn.,ready,,curated_batch04
ingredient,ingredient,1,1,(料理や製品の)材料,,Sugar is the main ingredient.,ready,,matched_existing_exact
qualified,qualified,1,1,資格のある / 適任の,この仕事には経験のある資格を持った人が必要だ。,This job requires a qualified person with experience.,ready,,curated_batch04
widespread,widespread,1,1,広範囲にわたる / 広く普及した,その制度改革は社会に広範囲な影響を与えた。,The reform had a widespread impact on society.,ready,,curated_batch04
alternative,alternative,1,1,代わりのもの / 代替案,電車が止まったので、私たちは別の移動手段を探した。,"When the trains stopped, we looked for an alternative.",ready,,curated_batch04
harsh,harsh,1,1,厳しい / 過酷な,その地域の冬はとても厳しく、雪も深い。,Winter in the region is harsh and snowy.,ready,,curated_batch05
enormous,enormous,1,1,(規模が)莫大な,,The stadium was built at enormous cost.,ready,,matched_existing_exact
specific,specific,1,1,具体的な / 特定の,その先生は改善点について具体的な助言をくれた。,The teacher gave us specific advice on how to improve.,ready,,curated_batch05
artificial,artificial,1,1,人工の,その湖は自然のものではなく人工の池だ。,The lake is not natural but artificial.,ready,,curated_batch05
toxic,toxic,1,1,有毒な,その工場から出た有毒な物質が問題になった。,Toxic substances from the factory became a serious problem.,ready,,curated_batch05
flexible,flexible,1,1,(状況に応じて)柔軟な,,My schedule is flexible this week.,ready,,matched_existing_exact
latest,latest,1,1,最新の,彼は最新の研究結果を会議で紹介した。,He presented the latest research findings at the meeting.,ready,,curated_batch05
capable,capable,1,1,能力がある,彼女は難しい課題にも対応できる能力がある。,She is capable of handling difficult tasks.,ready,,curated_batch05
practical,practical,1,1,実用的な / 現実的な,その研修では実用的な英語表現を学べる。,The training teaches practical English expressions.,ready,,curated_batch05
mechanical,mechanical,1,1,機械の / 機械的な,その事故は機械の故障が原因だった。,The accident was caused by a mechanical failure.,ready,,curated_batch05
adequate,adequate,1,1,(必要な基準を満たして)十分な,,The food supply was adequate.,ready,,matched_existing_exact
unexpected,unexpected,1,1,予想外の,会議では予想外の質問がいくつも出た。,Several unexpected questions came up at the meeting.,ready,,curated_batch05
sufficient,sufficient,1,1,十分な,安全に登山するには十分な食料が必要だ。,Sufficient food is necessary for safe climbing.,ready,,curated_batch05
relatively,relatively,1,1,比較的,この地域は年間を通して比較的温暖だ。,This region is relatively warm throughout the year.,ready,,curated_batch05
consequently,consequently,1,1,その結果,雨が続いた。その結果、試合は中止になった。,"It rained for days, and consequently the game was canceled.",ready,,curated_batch05
constantly,constantly,1,1,絶えず / いつも,技術は絶えず変化している。,Technology is constantly changing.,ready,,curated_batch05
barely,barely,1,1,かろうじて / ほとんど〜ない,私たちは電車にかろうじて間に合った。,We barely caught the train.,ready,,curated_batch05
whereas,whereas,1,1,一方で / 〜であるのに対して,兄は外向的だが、一方で弟はとても静かだ。,"My older brother is outgoing, whereas my younger brother is very quiet.",ready,,curated_batch05
post,post,1,1,役職 / 地位,,He accepted an important post at the embassy.,ready,,curated_batch43
reject,reject,1,1,(提案などを)拒絶する,,The board rejected the proposal.,ready,,matched_existing_exact
consult,consult,1,1,(専門家に)相談する / 参照する,,You should consult a doctor.,ready,,matched_existing_exact
obey,obey,1,1,従う,すべての登山者は安全規則に従わなければならない。,All climbers must obey the safety rules.,ready,,curated_batch05
engage,engage,1,1,従事する / 取り組む,,The team engaged in a long discussion.,ready,,curated_batch43
restore,restore,1,1,(元の状態に)回復させる / 修復する,,The rain restored the lake level.,ready,,matched_existing_exact
colonize,colonize,1,1,植民地化する,その国は長い間、他国によって植民地化されていた。,The country was colonized by another nation for many years.,ready,,curated_batch05
interact,interact,1,1,(互いに)相互作用する,,Children learn by interacting with others.,ready,,matched_existing_exact
inspire,inspire,1,1,鼓舞する / 奮い立たせる,彼女の話は多くの若者を勇気づけた。,Her story inspired many young people.,ready,,curated_batch05
sue,sue,1,1,訴える / 告訴する,その会社は契約違反で取引先を訴えた。,The company sued its business partner for breaking the contract.,ready,,curated_batch05
estimate,estimate,1,1,(数量や費用を)見積もる,,Experts estimate the cost at $2 million.,ready,,matched_existing_exact
strengthen,strengthen,1,1,強化する,市は川の堤防を強化する計画を立てている。,The city plans to strengthen the river banks.,ready,,curated_batch05
carve,carve,1,1,彫る / 刻む,職人は木に細かな模様を彫った。,The craftsman carved fine patterns into the wood.,ready,,curated_batch05
convince,convince,1,1,(人を)納得させる,,She convinced me to stay.,ready,,matched_existing_exact
propose,propose,1,1,提案する,委員会は新しい環境対策を提案した。,The committee proposed a new environmental measure.,ready,,curated_batch05
collapse,collapse,1,1,(建物や制度が)崩壊する,,The old bridge collapsed in the storm.,ready,,matched_existing_exact
import,import,1,1,輸入する,,Japan imports a large amount of energy.,ready,,curated_batch43
pollute,pollute,1,1,汚染する,工場排水は川を汚染するおそれがある。,Factory wastewater can pollute the river.,ready,,curated_batch05
prescription,prescription,1,1,処方箋 / 処方,薬局で処方箋を見せて薬を受け取った。,I showed the prescription at the pharmacy and got the medicine.,ready,,curated_batch06
duty,duty,1,1,義務 / 責任,親には子どもを守る責任がある。,Parents have a duty to protect their children.,ready,,curated_batch06
union,union,1,1,組合 / 結合,労働組合は賃金交渉のために集会を開いた。,The union held a meeting for wage negotiations.,ready,,curated_batch06
concept,concept,1,1,概念 / 発想,その授業では自由の概念について議論した。,The class discussed the concept of freedom.,ready,,curated_batch06
root,root,1,1,根源 / 原因,,We must find the root of the problem.,ready,,curated_batch43
survival,survival,1,1,生存,その動物の生存には十分な水が欠かせない。,Enough water is essential for the animal's survival.,ready,,curated_batch06
maintenance,maintenance,1,1,維持 / 保守,橋の安全を保つには定期的な保守が必要だ。,Regular maintenance is necessary to keep the bridge safe.,ready,,curated_batch06
formation,formation,1,1,形成 / 編成,雲の形成には気温と湿度が関係している。,Temperature and humidity affect cloud formation.,ready,,curated_batch06
educator,educator,1,1,教育者,その教育者は長年、地域の子どもたちを支えてきた。,The educator has supported local children for many years.,ready,,curated_batch06
kidney,kidney,1,1,腎臓,医師は腎臓の状態を詳しく調べた。,The doctor examined the condition of the kidney carefully.,ready,,curated_batch06
nutrition,nutrition,1,1,栄養,成長期には十分な栄養が必要だ。,Adequate nutrition is necessary during the growing years.,ready,,curated_batch06
firm,firm,1,1,会社,,She works for a law firm in Tokyo.,ready,,curated_batch43
statistics,statistics,1,1,統計,その統計は地域ごとの人口差を示している。,The statistics show population differences by region.,ready,,curated_batch06
toll,toll,1,1,通行料,,Drivers must pay a toll to use the bridge.,ready,,curated_batch43
CEO,CEO,1,1,最高経営責任者,その会社のCEOは新しい成長戦略を発表した。,The company's CEO announced a new growth strategy.,ready,,curated_batch06
circumstance,circumstance,1,1,(その人を取りまく)状況,,"Under the circumstances, we had to leave early.",ready,,matched_existing_exact
outsider,outsider,1,1,部外者 / 外部の人,その会議には部外者は入れなかった。,Outsiders were not allowed into the meeting.,ready,,curated_batch05
reduction,reduction,1,1,削減 / 減少,ごみの削減は市の重要な目標の一つだ。,Waste reduction is one of the city's important goals.,ready,,curated_batch06
settlement,settlement,1,1,定住地 / 和解,川の近くに古い定住地の跡が見つかった。,The remains of an old settlement were found near the river.,ready,,curated_batch06
divorce,divorce,1,1,離婚,その夫婦は長い話し合いの末に離婚を決めた。,The couple decided on divorce after a long discussion.,ready,,curated_batch06
likelihood,likelihood,1,1,可能性,この地域で大雨になる可能性が高まっている。,The likelihood of heavy rain is increasing in this area.,ready,,curated_batch06
livestock,livestock,1,1,家畜,干ばつはその地域の家畜にも深刻な影響を与えた。,The drought had a serious effect on livestock in the region.,ready,,curated_batch06
possession,possession,1,1,所有 / 所持品,警察は不正な薬物の所持を調べている。,The police are investigating the possession of illegal drugs.,ready,,curated_batch06
plot,plot,1,1,筋書き,,The novel has a complex plot.,ready,,curated_batch43
welfare,welfare,1,1,福祉,子どもの福祉を守ることが最優先だ。,Protecting children's welfare is the highest priority.,ready,,curated_batch06
moisture,moisture,1,1,水分 / 湿気,この土は植物を育てるのに十分な水分を含んでいる。,The soil contains enough moisture for plants to grow.,ready,,curated_batch06
obesity,obesity,1,1,肥満,運動不足は肥満の一因になることがある。,A lack of exercise can be a cause of obesity.,ready,,curated_batch06
grant,grant,1,1,(要求や権利を)認める / (資金を)交付する,,The university granted her a scholarship.,ready,,matched_existing_exact
anxiety,anxiety,1,1,不安,試験前に強い不安を感じる生徒もいる。,Some students feel strong anxiety before exams.,ready,,curated_batch06
ownership,ownership,1,1,所有権 / 所有,その土地の所有権をめぐって争いが起きた。,A dispute arose over the ownership of the land.,ready,,curated_batch06
foundation,foundation,1,1,基礎 / 土台,語学の上達には文法の基礎が大切だ。,A strong foundation in grammar is important for language learning.,ready,,curated_batch06
division,division,1,1,分割 / 部門,その会社には海外営業を担当する部門がある。,The company has a division in charge of overseas sales.,ready,,curated_batch06
establishment,establishment,1,1,設立 / 施設,その研究所の設立には多くの支援が必要だった。,The establishment of the laboratory required a great deal of support.,ready,,curated_batch06
conservation,conservation,1,1,保護 / 保全,その森の保全は地域全体の課題だ。,Conservation of the forest is a challenge for the whole region.,ready,,curated_batch06
murder,murder,1,1,殺人,警察はその殺人事件の真相を調べている。,The police are investigating the murder case.,ready,,curated_batch06
presence,presence,1,1,存在 / 出席,その教師の存在は生徒たちに安心感を与えた。,The teacher's presence gave the students a sense of security.,ready,,curated_batch06
paradox,paradox,1,1,逆説 / 矛盾,便利さが増すほど時間が足りなくなるのは一つの逆説だ。,"It is a paradox that the more convenient life becomes, the less time we seem to have.",ready,,curated_batch06
prisoner,prisoner,1,1,囚人,その囚人は長い裁判のあとで無罪となった。,The prisoner was found innocent after a long trial.,ready,,curated_batch06
surgeon,surgeon,1,1,外科医,その外科医は難しい手術を無事に終えた。,The surgeon successfully completed the difficult operation.,ready,,curated_batch06
frequency,frequency,1,1,頻度 / 周波数,この機械は点検の頻度を減らせるように設計されている。,This machine is designed to reduce the frequency of inspections.,ready,,curated_batch06
reception,reception,1,1,反応 / 受け止められ方,,The film received a warm reception overseas.,ready,,curated_batch43
coworker,coworker,1,1,同僚,彼は新しい同僚に仕事の流れを説明した。,He explained the workflow to his new coworker.,ready,,curated_batch06
rust,rust,1,1,さび,海の近くでは金属にさびが生じやすい。,Metal tends to develop rust near the sea.,ready,,curated_batch06
athletics,athletics,1,1,陸上競技,彼女は大学で陸上競技に打ち込んでいる。,She is devoted to athletics at university.,ready,,curated_batch06
voyage,voyage,1,1,航海 / 船旅,その船は長い航海の末に港へ戻った。,The ship returned to port after a long voyage.,ready,,curated_batch06
ecologist,ecologist,1,1,生態学者,その生態学者は湿地の変化を長年観察してきた。,The ecologist has observed changes in the wetlands for many years.,ready,,curated_batch06
isolated,isolated,1,1,孤立した,大雪のため、その村は数日間孤立した。,The village was isolated for several days because of heavy snow.,ready,,curated_batch05
biased,biased,1,1,偏った / えこひいきした,その記事は一方の立場に偏っているように見えた。,The article seemed biased toward one side.,ready,,curated_batch05
encouraging,encouraging,1,1,励みになる / 心強い,最初の結果はとても心強いものだった。,The initial results were very encouraging.,ready,,curated_batch05
profitable,profitable,1,1,利益が出る / もうかる,その新規事業は予想以上に利益が出た。,The new business turned out to be highly profitable.,ready,,curated_batch05
tremendous,tremendous,1,1,莫大な / すばらしい,救助隊は大変な努力を払って住民を助けた。,The rescue team made a tremendous effort to help the residents.,ready,,curated_batch05
intellectual,intellectual,1,1,知的な / 知性に関する,その本は子どもの知的な発達を支える。,The book supports children's intellectual development.,ready,,curated_batch05
coastal,coastal,1,1,沿岸の,その沿岸地域は台風の被害を受けやすい。,The coastal area is vulnerable to typhoons.,ready,,curated_batch05
dairy,dairy,1,1,乳製品の / 乳製品,彼女は毎朝、何か乳製品を食べるようにしている。,She tries to have some dairy products every morning.,ready,,curated_batch05
digestive,digestive,1,1,消化の,その薬は消化器系の問題を和らげるのに役立つ。,The medicine helps relieve digestive problems.,ready,,curated_batch05
loyal,loyal,1,1,忠実な / 誠実な,その犬は飼い主にとても忠実だった。,The dog was very loyal to its owner.,ready,,curated_batch05
sensory,sensory,1,1,感覚の,その教材は子どもの感覚的な学びを助ける。,The material supports children's sensory learning.,ready,,curated_batch05
spoil,spoil,1,1,台なしにする / 甘やかす,突然の雨が野外イベントを台なしにした。,The sudden rain spoiled the outdoor event.,ready,,curated_batch05
stimulate,stimulate,1,1,刺激する / 促進する,その企画は地域経済を刺激することが期待されている。,The project is expected to stimulate the local economy.,ready,,curated_batch05
distract,distract,1,1,気を散らす,周囲の騒音が生徒たちの集中を妨げた。,The noise around them distracted the students.,ready,,curated_batch05
bargain,bargain,1,1,格安品 / 掘り出し物,,This coat was a real bargain.,ready,,curated_batch43
emerge,emerge,1,1,(姿を現して)出てくる,,A new leader emerged during the crisis.,ready,,matched_existing_exact
define,define,1,1,(意味や範囲を)定義する,,It is hard to define success.,ready,,matched_existing_exact
deserve,deserve,1,1,値する,その研究はもっと高く評価されるに値する。,The research deserves greater recognition.,ready,,curated_batch05
undergo,undergo,1,1,経験する / 受ける,その橋は来月、大規模な点検を受ける予定だ。,The bridge will undergo a major inspection next month.,ready,,curated_batch05
contradict,contradict,1,1,(主張に)反する / 反論する,,His actions contradict his words.,ready,,matched_existing_exact
withdraw,withdraw,1,1,引っ込める / 引き出す / 撤退する,,She decided to withdraw her application before the deadline.,ready,,curated_batch17
accompany,accompany,1,1,(人に)同行する / 伴う,,Strong winds accompanied the storm.,ready,,matched_existing_exact
infect,infect,1,1,感染させる,,The virus can infect people through close contact.,ready,,curated_batch17
rebel,rebel,1,1,反抗する / 反逆者,,Some citizens chose to rebel against the unfair rule.,ready,,curated_batch17
convert,convert,1,1,(別の形に)変える,,The factory was converted into a studio.,ready,,matched_existing_exact
calculate,calculate,1,1,計算する,,We need to calculate the total cost carefully.,ready,,curated_batch17
utilize,utilize,1,1,利用する,,The team utilized local data in the report.,ready,,curated_batch17
punish,punish,1,1,罰する,,The school does not punish students without hearing both sides.,ready,,curated_batch17
proceed,proceed,1,1,(次の段階へ)進む,,"After a short break, the meeting proceeded.",ready,,matched_existing_exact
navigate,navigate,1,1,進路を決める / うまく切り抜ける,,It took skill to navigate the narrow streets at night.,ready,,curated_batch17
postpone,postpone,1,1,延期する,,They had to postpone the event because of the storm.,ready,,curated_batch17
swallow,swallow,1,1,飲み込む,,He found it hard to swallow the large tablet.,ready,,curated_batch17
tailor,tailor,1,1,仕立てる / 合わせて作る,,The course was tailored to the needs of beginners.,ready,,curated_batch17
overhear,overhear,1,1,ふと耳にする,,I accidentally overheard their conversation in the hall.,ready,,curated_batch17
consequence,consequence,1,1,結果 / 影響,その判断の結果をよく考える必要がある。,We need to think carefully about the consequences of that decision.,ready,,curated_batch06
application,application,1,1,申請 / 応用,彼は奨学金の申請を期限内に提出した。,He submitted his scholarship application before the deadline.,ready,,curated_batch06
workout,workout,1,1,運動 / トレーニング,彼は仕事の前にジムで短いトレーニングをした。,He did a short workout at the gym before work.,ready,,curated_batch07
obstacle,obstacle,1,1,障害 / 妨げ,,Lack of funds remains a major obstacle.,ready,,matched_existing_exact
treaty,treaty,1,1,条約,両国は環境保護に関する新しい条約に署名した。,The two countries signed a new treaty on environmental protection.,ready,,curated_batch07
deforestation,deforestation,1,1,森林伐採,急速な森林伐採が多くの動物の生息地を脅かしている。,Rapid deforestation is threatening the habitats of many animals.,ready,,curated_batch07
infrastructure,infrastructure,1,1,社会基盤 / インフラ,その町では老朽化したインフラの改善が急がれている。,The town is rushing to improve its aging infrastructure.,ready,,curated_batch07
contribution,contribution,1,1,貢献 / 寄付,彼女の研究は医療分野に大きな貢献をした。,Her research made a major contribution to medicine.,ready,,curated_batch07
congestion,congestion,1,1,混雑 / 渋滞,朝の交通渋滞を減らすための対策が検討されている。,Measures are being considered to reduce morning traffic congestion.,ready,,curated_batch07
exposure,exposure,1,1,接触 / さらされること,長時間の日光への接触は肌に悪影響を与えることがある。,Long exposure to sunlight can harm the skin.,ready,,curated_batch07
participation,participation,1,1,参加,地域行事への参加が年々増えている。,Participation in local events has been increasing each year.,ready,,curated_batch07
crisis,crisis,1,1,危機,その国は深刻な経済危機に直面している。,The country is facing a serious economic crisis.,ready,,curated_batch07
ancestor,ancestor,1,1,祖先,彼は自分の祖先について家系図を調べた。,He studied his family tree to learn about his ancestors.,ready,,curated_batch07
architect,architect,1,1,建築家,その建築家は公共施設の設計で高く評価されている。,The architect is highly regarded for designing public buildings.,ready,,curated_batch07
existence,existence,1,1,存在,その洞窟の存在は長い間ほとんど知られていなかった。,The existence of the cave was hardly known for a long time.,ready,,curated_batch07
deposit,deposit,1,1,預金 / 頭金,部屋を借りるには最初に保証金を払う必要があった。,We had to pay a deposit before renting the room.,ready,,curated_batch07
finance,finance,1,1,財政 / 資金調達,,He works in finance.,ready,,matched_existing_exact
awareness,awareness,1,1,認識 / 意識,その活動は食品ロスへの意識を高めることを目的としている。,The campaign aims to raise awareness of food waste.,ready,,curated_batch07
intake,intake,1,1,摂取量,塩分の摂取量を減らすよう医師に言われた。,The doctor told him to reduce his salt intake.,ready,,curated_batch07
witness,witness,1,1,目撃者 / 証人,事故の目撃者が警察に詳しい説明をした。,A witness gave the police a detailed account of the accident.,ready,,curated_batch07
coverage,coverage,1,1,報道 / 補償範囲,その選挙はテレビで広く報道された。,The election received wide media coverage.,ready,,curated_batch07
lawsuit,lawsuit,1,1,訴訟,その企業は環境汚染をめぐる訴訟に直面している。,The company is facing a lawsuit over environmental pollution.,ready,,curated_batch07
session,session,1,1,会議 / 講習,午後の会議では来年度の計画が話し合われた。,The afternoon session focused on next year's plans.,ready,,curated_batch07
pioneer,pioneer,1,1,先駆者,彼女はその研究分野の先駆者として知られている。,She is known as a pioneer in the field.,ready,,curated_batch07
satisfaction,satisfaction,1,1,満足,顧客満足を高めるためにサービスが見直された。,The service was revised to improve customer satisfaction.,ready,,curated_batch07
basis,basis,1,1,基礎 / 根拠,その判断には十分な科学的根拠がある。,There is a solid scientific basis for the decision.,ready,,curated_batch07
phenomenon,phenomenon,1,1,現象,その光は自然界では珍しい現象として知られている。,The light is known as a rare natural phenomenon.,ready,,curated_batch07
headquarters,headquarters,1,1,本社 / 本部,その会社は来年、本社を大阪に移す予定だ。,The company plans to move its headquarters to Osaka next year.,ready,,curated_batch07
globalization,globalization,1,1,グローバル化,グローバル化は多くの産業の働き方を変えてきた。,Globalization has changed the way many industries work.,ready,,curated_batch07
brochure,brochure,1,1,パンフレット,観光案内所で町のパンフレットを受け取った。,I picked up a brochure about the town at the tourist center.,ready,,curated_batch07
inspection,inspection,1,1,点検 / 検査,橋の安全点検は毎年行われている。,Safety inspections of the bridge are carried out every year.,ready,,curated_batch07
attendance,attendance,1,1,出席,会議への出席率は昨年より高かった。,Attendance at the meeting was higher than last year.,ready,,curated_batch07
copper,copper,1,1,銅,,Copper is widely used in electrical wiring.,ready,,curated_batch17
burial,burial,1,1,埋葬,,The site was discovered near an ancient burial ground.,ready,,curated_batch17
mold,mold,1,1,型 / かび / 形作る,,"Warm, damp air can cause mold to grow quickly.",ready,,curated_batch17
patch,patch,1,1,継ぎ / 小片 / 当て布,,There was a patch of ice near the entrance.,ready,,curated_batch17
diagram,diagram,1,1,図表,,The teacher drew a diagram on the board.,ready,,curated_batch17
placement,placement,1,1,配置 / 配置場所,,The placement of the chairs made the room feel smaller.,ready,,curated_batch17
wheelchair,wheelchair,1,1,車いす,,The building has a ramp for wheelchair users.,ready,,curated_batch17
experienced,experienced,1,1,経験豊富な,その病院には経験豊富な看護師が多くいる。,The hospital has many experienced nurses.,ready,,curated_batch07
mainstream,mainstream,1,1,主流の,その考え方は今では主流になりつつある。,That way of thinking is becoming mainstream now.,ready,,curated_batch07
appropriate,appropriate,1,1,適切な,状況に応じて適切な対応を取ることが大切だ。,It is important to take appropriate action depending on the situation.,ready,,curated_batch07
fatal,fatal,1,1,致命的な,その判断ミスは計画にとって致命的だった。,The mistake was fatal to the plan.,ready,,curated_batch07
nutritious,nutritious,1,1,栄養のある,子どもには栄養のある朝食が必要だ。,Children need a nutritious breakfast.,ready,,curated_batch07
sophisticated,sophisticated,1,1,高度な / 洗練された,その研究所は高度な分析装置を備えている。,The laboratory is equipped with sophisticated equipment.,ready,,curated_batch07
automatic,automatic,1,1,自動の,入口には自動ドアが設置されている。,Automatic doors are installed at the entrance.,ready,,curated_batch07
man-made,man-made,1,1,人工の,その湖は自然のものではなく人工のものだ。,"The lake is man-made, not natural.",ready,,curated_batch07
aging,aging,1,1,高齢化する / 老朽化した,その町では人口の高齢化が進んでいる。,The town is facing an aging population.,ready,,curated_batch07
spiritual,spiritual,1,1,精神的な,その旅は彼にとって精神的に大きな意味を持っていた。,The trip had deep spiritual meaning for him.,ready,,curated_batch07
endangered,endangered,1,1,絶滅の危機にある,その動物は現在、絶滅の危機にある種に分類されている。,The animal is now classified as an endangered species.,ready,,curated_batch07
sticky,sticky,1,1,ねばねばした / べたつく,机の表面が甘い飲み物でべたついていた。,The surface of the desk was sticky with a sweet drink.,ready,,curated_batch07
fertile,fertile,1,1,肥沃な,その平野は作物の栽培に適した肥沃な土地だ。,The plain is fertile land suitable for growing crops.,ready,,curated_batch08
altogether,altogether,1,1,完全に / 全体で,その計画を完全に見直す必要がある。,We need to rethink the plan altogether.,ready,,curated_batch08
beforehand,beforehand,1,1,前もって,会議の資料は前もって送られてきた。,The materials for the meeting were sent beforehand.,ready,,curated_batch08
likewise,likewise,1,1,同様に,兄は数学が得意で、妹も同様にその科目が好きだ。,"My brother is good at math, and my sister likewise likes the subject.",ready,,curated_batch08
detect,detect,1,1,(異常や変化を)見つける,,The test can detect early signs of disease.,ready,,matched_existing_exact
combat,combat,1,1,対処する / 戦う,その都市は大気汚染に対処するため新しい規制を導入した。,The city introduced new regulations to combat air pollution.,ready,,curated_batch08
pose,pose,1,1,引き起こす / もたらす,その欠陥は利用者に大きな危険をもたらす可能性がある。,The defect could pose a serious risk to users.,ready,,curated_batch08
emphasize,emphasize,1,1,(言葉で)強調する,,The teacher emphasized the importance of practice.,ready,,matched_existing_exact
highlight,highlight,1,1,(目立たせて)強調する / 見どころ,,The report highlights three problems.,ready,,matched_existing_exact
resist,resist,1,1,(圧力に)抵抗する,,Some people resist change.,ready,,matched_existing_exact
exceed,exceed,1,1,(基準や限度を)超える,,Costs may exceed the original budget.,ready,,matched_existing_exact
relocate,relocate,1,1,移転する / 移住させる,その工場は来年、郊外へ移転する予定だ。,The factory will relocate to the suburbs next year.,ready,,curated_batch08
disprove,disprove,1,1,誤りを証明する / 論破する,新しい証拠がその説の誤りを証明した。,New evidence helped disprove the theory.,ready,,curated_batch08
crawl,crawl,1,1,はって進む / 這う,赤ちゃんが床をゆっくりはって進んでいた。,The baby was crawling slowly across the floor.,ready,,curated_batch08
foster,foster,1,1,(成長を)促す,,Reading can foster creativity.,ready,,matched_existing_exact
harass,harass,1,1,嫌がらせをする,,No employee should harass a coworker.,ready,,curated_batch43
magnify,magnify,1,1,拡大する,この装置は小さな文字を拡大して見せてくれる。,This device can magnify small letters.,ready,,curated_batch08
sneak,sneak,1,1,こっそり動く / 忍び込む,その猫は開いた窓からこっそり部屋に入った。,The cat sneaked into the room through the open window.,ready,,curated_batch08
stray,stray,1,1,迷う / それる,議論が本題からそれないように注意しよう。,Let us be careful not to stray from the main topic.,ready,,curated_batch08
worsen,worsen,1,1,悪化する / 悪化させる,大雨で道路の状況がさらに悪化した。,Heavy rain worsened the road conditions.,ready,,curated_batch08
advocate,advocate,1,1,(主張や政策を)支持する,,Many parents advocate smaller classes.,ready,,matched_existing_exact
evacuate,evacuate,1,1,避難する / 避難させる,住民たちは警報のあとすぐに高台へ避難した。,The residents evacuated to higher ground right after the warning.,ready,,curated_batch08
verify,verify,1,1,確認する / 検証する,研究チームはデータの正確さを再度確認した。,The research team verified the accuracy of the data again.,ready,,curated_batch08
abuse,abuse,1,1,乱用する / 虐待する,薬を乱用すると健康に深刻な影響が出ることがある。,Abusing medicine can seriously affect your health.,ready,,curated_batch08
scatter,scatter,1,1,散らばらせる / まき散らす,強い風が落ち葉を道路一面に散らした。,Strong winds scattered the fallen leaves across the road.,ready,,curated_batch08
endorse,endorse,1,1,支持する / 承認する,多くの専門家がその新しい方針を支持した。,Many experts endorsed the new policy.,ready,,curated_batch08
modify,modify,1,1,修正する / 変更する,使いやすくするために設計が少し修正された。,The design was modified slightly to make it easier to use.,ready,,curated_batch08
penetrate,penetrate,1,1,貫く / しみ込む,雨水が古い屋根を通してしみ込んできた。,Rainwater penetrated the old roof.,ready,,curated_batch08
conform,conform,1,1,(規則や基準に)従う,,All products must conform to safety standards.,ready,,matched_existing_exact
leave,leave,1,1,去る / 離れる,,She decided to leave the company in spring.,ready,,curated_batch43
tissue,tissue,1,1,組織,医師は検査のために少量の組織を採取した。,The doctor collected a small amount of tissue for testing.,ready,,curated_batch08
gut,gut,1,1,腸,その薬は腸の働きを整えるのに役立つ。,The medicine helps regulate the gut.,ready,,curated_batch08
lightning,lightning,1,1,稲妻 / 雷,嵐の夜に空を走る稲妻が見えた。,We saw lightning across the sky during the storm.,ready,,curated_batch08
camel,camel,1,1,ラクダ,その観光客たちは砂漠でラクダに乗った。,The tourists rode camels in the desert.,ready,,curated_batch08
antioxidant,antioxidant,1,1,抗酸化物質,その果物には抗酸化物質が多く含まれている。,The fruit contains many antioxidants.,ready,,curated_batch08
disorder,disorder,1,1,障害 / 異常,その医師は睡眠障害の専門家として知られている。,The doctor is known as a specialist in sleep disorders.,ready,,curated_batch08
cattle,cattle,1,1,牛,その農場では数百頭の牛が飼育されている。,Hundreds of cattle are raised on the farm.,ready,,curated_batch08
oath,oath,1,1,誓い / 宣誓,新しい職員たちは式で誓いの言葉を述べた。,The new staff members took an oath at the ceremony.,ready,,curated_batch08
monument,monument,1,1,記念碑,広場の中央には戦争犠牲者の記念碑が立っている。,A monument to the war victims stands in the center of the square.,ready,,curated_batch08
heating,heating,1,1,暖房,冬の間、この建物では暖房費が大きな負担になる。,Heating costs become a heavy burden in this building during winter.,ready,,curated_batch08
germ,germ,1,1,細菌 / ばい菌,手を洗うことはばい菌の広がりを防ぐのに役立つ。,Washing your hands helps prevent the spread of germs.,ready,,curated_batch08
legend,legend,1,1,伝説,その湖には古くから不思議な伝説が残っている。,An old mysterious legend remains about the lake.,ready,,curated_batch08
auditorium,auditorium,1,1,講堂 / ホール,卒業式は学校の大きな講堂で行われた。,The graduation ceremony was held in the school auditorium.,ready,,curated_batch08
therapy,therapy,1,1,治療,彼は手術のあとで長いリハビリ治療を受けた。,He received therapy for a long time after the surgery.,ready,,curated_batch08
heritage,heritage,1,1,遺産 / 伝統,その町は豊かな文化遺産で知られている。,The town is known for its rich cultural heritage.,ready,,curated_batch08
invasion,invasion,1,1,侵略 / 侵入,その歴史資料は外敵の侵略について記録している。,The historical record describes an invasion by foreign forces.,ready,,curated_batch08
instruction,instruction,1,1,指示 / 説明,作業を始める前に説明書の指示を読んでください。,Please read the instructions before starting the work.,ready,,curated_batch08
extinction,extinction,1,1,絶滅,その種は環境の変化によって絶滅の危機にある。,The species is in danger of extinction because of environmental changes.,ready,,curated_batch08
creativity,creativity,1,1,創造性,この授業は生徒の創造性を伸ばすことを重視している。,This class emphasizes the development of students' creativity.,ready,,curated_batch08
plantation,plantation,1,1,農園 / 大農園,その地域には茶の栽培で有名な大きな農園がある。,The region has a large plantation famous for growing tea.,ready,,curated_batch08
drought,drought,1,1,干ばつ,,The region suffered from a long drought last summer.,ready,,curated_batch17
wealth,wealth,1,1,富 / 財産,その国は豊かな天然資源によって富を築いてきた。,The country has built wealth through its rich natural resources.,ready,,curated_batch09
reminder,reminder,1,1,念押し / 思い出させるもの,会議の前日に確認のメールが届いた。,I received a reminder email the day before the meeting.,ready,,curated_batch09
inquiry,inquiry,1,1,問い合わせ / 照会,,We received an inquiry from a local school.,ready,,matched_existing_exact
investigation,investigation,1,1,調査 / 捜査,事故の原因について詳しい調査が行われている。,A detailed investigation is being conducted into the cause of the accident.,ready,,curated_batch09
boundary,boundary,1,1,境界,その川は二つの地域の境界になっている。,The river forms the boundary between the two regions.,ready,,curated_batch09
compartment,compartment,1,1,仕切られた部分 / 区画,かばんの小さな区画に鍵を入れておいた。,I put the key in a small compartment of the bag.,ready,,curated_batch09
substitute,substitute,1,1,代用品 / 代わりのもの,砂糖の代わりに別の甘味料を使った。,We used another sweetener as a substitute for sugar.,ready,,curated_batch09
hybrid,hybrid,1,1,ハイブリッドの / 混成の,その会社は対面とオンラインを組み合わせた混成型の研修を導入した。,The company introduced a hybrid training program combining in-person and online sessions.,ready,,curated_batch09
characteristic,characteristic,1,1,特徴,その地域の家には石造りという特徴がある。,Stone construction is a characteristic of houses in the region.,ready,,curated_batch09
incident,incident,1,1,事件 / 出来事,,The incident shocked the town.,ready,,matched_existing_exact
removal,removal,1,1,除去 / 取り外し,古い設備の除去には数日かかった。,The removal of the old equipment took several days.,ready,,curated_batch09
outcome,outcome,1,1,(最終的な)結果,,The outcome surprised everyone.,ready,,matched_existing_exact
altitude,altitude,1,1,高度,その村は海抜二千メートル近い高度にある。,The village stands at an altitude of nearly two thousand meters.,ready,,curated_batch09
closure,closure,1,1,閉鎖,大雪のため空港の一時閉鎖が決まった。,Temporary closure of the airport was decided because of heavy snow.,ready,,curated_batch09
compound,compound,1,1,化合物,その研究では新しい化合物の性質が調べられた。,The study examined the properties of a new compound.,ready,,curated_batch09
surplus,surplus,1,1,余剰 / 黒字,今年は予算に小さな余剰が出た。,This year the budget produced a small surplus.,ready,,curated_batch09
vaccine,vaccine,1,1,ワクチン,その病院では来月から新しいワクチンの接種が始まる。,The hospital will begin giving a new vaccine next month.,ready,,curated_batch09
obligation,obligation,1,1,義務,保護者には子どもの安全を守る義務がある。,Parents have an obligation to protect their children's safety.,ready,,curated_batch09
ritual,ritual,1,1,儀式 / 習慣的な行為,その地域では春の訪れを祝う伝統的な儀式が行われる。,A traditional ritual is held there to celebrate the arrival of spring.,ready,,curated_batch09
coral,coral,1,1,サンゴ,海水温の上昇がサンゴに深刻な影響を与えている。,Rising sea temperatures are having a serious effect on coral.,ready,,curated_batch09
relevant,relevant,1,1,関連のある,応募の前に関連する経験を整理しておくとよい。,It is helpful to organize relevant experience before applying.,ready,,curated_batch09
efficient,efficient,1,1,(無駄が少なく)効率的な,,The new system is more efficient.,ready,,matched_existing_exact
fragile,fragile,1,1,(壊れやすく)もろい,,Handle the glass carefully; it is fragile.,ready,,matched_existing_exact
impressive,impressive,1,1,印象的な,彼女の発表はとても印象的だった。,Her presentation was very impressive.,ready,,curated_batch09
offensive,offensive,1,1,不快な / 攻撃的な,その発言は多くの人にとって不快だった。,The remark was offensive to many people.,ready,,curated_batch09
distinct,distinct,1,1,(他と)明確に異なる,,The twins have distinct personalities.,ready,,matched_existing_exact
temporary,temporary,1,1,一時的な,その橋は修理が終わるまで一時的に閉鎖される。,The bridge will be closed on a temporary basis until repairs are finished.,ready,,curated_batch09
arrogant,arrogant,1,1,横柄な / 傲慢な,彼の横柄な態度に周囲の人は困っていた。,People around him were troubled by his arrogant attitude.,ready,,curated_batch09
spacious,spacious,1,1,広々とした,その図書館には広々とした閲覧室がある。,The library has a spacious reading room.,ready,,curated_batch09
reasonable,reasonable,1,1,妥当な / 手ごろな,その提案は費用の面でも妥当だと思う。,I think the proposal is reasonable in terms of cost.,ready,,curated_batch09
substantial,substantial,1,1,かなりの / 相当な,その都市は昨年、かなりの被害を受けた。,The city suffered substantial damage last year.,ready,,curated_batch09
disabled,disabled,1,1,障害のある,その施設には障害のある人のための設備が整っている。,The facility is equipped for disabled people.,ready,,curated_batch09
straightforward,straightforward,1,1,分かりやすい / 単純な,その手続きは思ったより分かりやすかった。,The procedure was more straightforward than I expected.,ready,,curated_batch09
tame,tame,1,1,飼いならす / 従順な,,It is not easy to tame a wild animal.,ready,,curated_batch17
mandatory,mandatory,1,1,義務的な / 強制の,安全講習への参加は全職員に義務づけられている。,Safety training is mandatory for all staff.,ready,,curated_batch09
edible,edible,1,1,食用の / 食べられる,その植物の一部は食用として使われている。,Some parts of the plant are edible.,ready,,curated_batch09
outstanding,outstanding,1,1,際立った / 優れた,彼女は研究で際立った成果を上げた。,She achieved outstanding results in her research.,ready,,curated_batch09
deadly,deadly,1,1,致命的な,そのガスは少量でも致命的になりうる。,Even a small amount of the gas can be deadly.,ready,,curated_batch09
petty,petty,1,1,ささいな / 小さな,ささいな意見の違いで大きな対立になることもある。,A petty disagreement can sometimes grow into a major conflict.,ready,,curated_batch09
definitely,definitely,1,1,確かに / 間違いなく,その映画は間違いなくもう一度見る価値がある。,The film is definitely worth watching again.,ready,,curated_batch09
roughly,roughly,1,1,およそ / 大まかに,会議はおよそ一時間続いた。,The meeting lasted roughly an hour.,ready,,curated_batch09
virtually,virtually,1,1,事実上 / ほとんど,その地域の雪は春までほとんど解けない。,The snow in the area virtually never melts until spring.,ready,,curated_batch09
apparently,apparently,1,1,どうやら / 見たところ,どうやら列車は天候のため遅れているらしい。,"Apparently, the train is delayed because of the weather.",ready,,curated_batch09
unfairly,unfairly,1,1,不公平に,彼は会議で不公平に批判されたと感じていた。,He felt that he had been criticized unfairly at the meeting.,ready,,curated_batch09
briefly,briefly,1,1,簡潔に / 短時間,彼女は計画の概要を簡潔に説明した。,She briefly explained the outline of the plan.,ready,,curated_batch09
aside,aside,1,1,わきへ / 別にして,,He pulled the chair aside.,ready,,curated_batch43
legally,legally,1,1,法律上,その土地は法律上まだ市の所有になっている。,The land still belongs to the city legally.,ready,,curated_batch09
resort,resort,1,1,頼る,,They had to resort to legal action.,ready,,curated_batch43
submit,submit,1,1,提出する,応募書類は金曜日までに提出してください。,Please submit the application documents by Friday.,ready,,curated_batch09
originate,originate,1,1,始まる / 生じる,その考えは小さな会話から生まれた。,The idea originated in a small conversation.,ready,,curated_batch10
cooperate,cooperate,1,1,(相手と)協力する,,The two companies agreed to cooperate.,ready,,matched_existing_exact
revise,revise,1,1,修正する / 見直す,委員会は提案書の一部を修正した。,The committee revised part of the proposal.,ready,,curated_batch10
restrict,restrict,1,1,(行動や自由を)制限する,,The library restricts access after 9 p.m.,ready,,matched_existing_exact
occupy,occupy,1,1,(場所や時間を)占める,,The boxes occupy too much space.,ready,,matched_existing_exact
fade,fade,1,1,薄れる / 消えていく,夕方になると山の色が少しずつ薄れていった。,The colors of the mountains began to fade in the evening.,ready,,curated_batch10
relieve,relieve,1,1,和らげる / 軽減する,その薬は痛みを和らげるのに役立った。,The medicine helped relieve the pain.,ready,,curated_batch10
suppress,suppress,1,1,抑える / 抑圧する,その薬はせきを抑える働きがある。,The medicine works to suppress coughing.,ready,,curated_batch10
starve,starve,1,1,飢える,干ばつのあと、多くの家畜がえさ不足で飢えた。,"After the drought, many animals starved from a lack of food.",ready,,curated_batch10
scratch,scratch,1,1,ひっかく / 傷をつける,その猫がドアをひっかいて外に出たがっていた。,The cat scratched the door because it wanted to go outside.,ready,,curated_batch10
unite,unite,1,1,団結させる / 結びつける,危機は地域の人々を一つにした。,The crisis united the people in the community.,ready,,curated_batch10
grip,grip,1,1,しっかり握る,彼は手すりをしっかり握って階段を下りた。,He gripped the handrail firmly as he went down the stairs.,ready,,curated_batch10
surrender,surrender,1,1,降伏する / 引き渡す,その兵士たちは最終的に武器を捨てて降伏した。,The soldiers eventually surrendered their weapons.,ready,,curated_batch10
twist,twist,1,1,ねじる / 曲げる,彼は足首をひねってしばらく歩けなかった。,He twisted his ankle and could not walk for a while.,ready,,curated_batch10
remodel,remodel,1,1,改装する,その店は来月、店内を全面的に改装する予定だ。,The store plans to remodel its interior next month.,ready,,curated_batch10
triple,triple,1,1,3倍にする / 3倍になる,その町の観光客数は十年で3倍になった。,The number of tourists in the town tripled in ten years.,ready,,curated_batch10
drown,drown,1,1,おぼれる,救助隊は川でおぼれかけた子どもを助けた。,The rescue team saved a child who was about to drown in the river.,ready,,curated_batch10
hover,hover,1,1,空中に止まる / うろつく,ヘリコプターが現場の上空でしばらく空中停止していた。,The helicopter hovered above the site for a while.,ready,,curated_batch10
interrupt,interrupt,1,1,さえぎる / 中断する,会議の途中で電話が話をさえぎった。,A phone call interrupted the meeting.,ready,,curated_batch10
socialize,socialize,1,1,交流する,新入生が交流しやすいようにイベントが開かれた。,An event was held so that new students could socialize.,ready,,curated_batch10
termite,termite,1,1,シロアリ,古い家はシロアリの被害を受けやすい。,Old houses are vulnerable to termites.,ready,,curated_batch10
microbe,microbe,1,1,微生物,その研究は土の中の微生物に注目している。,The study focuses on microbes in the soil.,ready,,curated_batch10
beverage,beverage,1,1,飲料,会場では温かい飲料も提供された。,Warm beverages were also served at the venue.,ready,,curated_batch10
paperwork,paperwork,1,1,書類仕事 / 事務手続き,申請のあとに多くの事務手続きが必要だった。,A lot of paperwork was required after the application.,ready,,curated_batch10
descendant,descendant,1,1,子孫,彼はその地域の最初の開拓者の子孫だという。,He is said to be a descendant of the area's first settlers.,ready,,curated_batch10
sculpture,sculpture,1,1,彫刻,公園には大きな金属の彫刻が置かれている。,A large metal sculpture stands in the park.,ready,,curated_batch10
handout,handout,1,1,配布資料,講師は授業の最初に配布資料を配った。,The instructor handed out the handout at the start of the class.,ready,,curated_batch10
replacement,replacement,1,1,交換 / 代替品,壊れた部品の交換には数日かかると言われた。,We were told that the replacement of the broken part would take several days.,ready,,curated_batch10
minister,minister,1,1,大臣,環境大臣が新しい政策案を発表した。,The minister of the environment announced a new policy proposal.,ready,,curated_batch10
predator,predator,1,1,捕食動物,その湖では大きな魚が小さな魚の捕食動物になっている。,Large fish are predators of smaller fish in the lake.,ready,,curated_batch10
observer,observer,1,1,観察者 / 観測者,外部の観察者が選挙の過程を見守った。,External observers monitored the election process.,ready,,curated_batch10
commission,commission,1,1,委員会,その委員会は報告書の内容を再検討した。,The commission reviewed the contents of the report again.,ready,,curated_batch10
supervisor,supervisor,1,1,監督者 / 上司,彼は現場の監督者として安全確認を行った。,He checked safety as the site supervisor.,ready,,curated_batch10
landscape,landscape,1,1,景観 / 風景,,The mountain landscape was beautiful.,ready,,matched_existing_exact
stereotype,stereotype,1,1,固定観念 / 決まりきったイメージ,その広告は古い固定観念を強めるおそれがある。,The advertisement may reinforce an old stereotype.,ready,,curated_batch10
graphic,graphic,1,1,図解の / 生々しい,その資料には分かりやすい図解が含まれていた。,The material included clear graphic explanations.,ready,,curated_batch10
pathway,pathway,1,1,通路 / 進路,庭の通路には夜になると明かりがつく。,Lights come on along the garden pathway at night.,ready,,curated_batch10
reunion,reunion,1,1,再会 / 同窓会,卒業から十年後に同級生との再会が実現した。,A reunion with former classmates took place ten years after graduation.,ready,,curated_batch10
cliff,cliff,1,1,崖,強風のため観光客は崖の近くに近づけなかった。,Tourists could not go near the cliff because of the strong wind.,ready,,curated_batch10
coordinator,coordinator,1,1,調整役 / コーディネーター,その調整役が各チームの予定をまとめた。,The coordinator organized the schedules of each team.,ready,,curated_batch10
depth,depth,1,1,深さ,その湖は場所によって深さが大きく異なる。,The depth of the lake varies greatly by location.,ready,,curated_batch10
liver,liver,1,1,肝臓,医師は肝臓の働きを確認するため血液検査を行った。,The doctor ordered a blood test to check liver function.,ready,,curated_batch10
monopoly,monopoly,1,1,独占,一社による市場の独占は問題視されている。,A monopoly by one company in the market is considered problematic.,ready,,curated_batch10
usage,usage,1,1,使用法 / 使用量,この単語の使用法は辞書で確認できる。,You can check the usage of this word in a dictionary.,ready,,curated_batch10
expectancy,expectancy,1,1,予想 / 期待,新しい制度への期待が地域全体で高まっている。,Expectancy for the new system is growing across the region.,ready,,curated_batch11
nowhere,nowhere,1,1,どこにも〜ない,嵐のため、近くに避難できる場所はどこにもなかった。,"Because of the storm, there was nowhere nearby to take shelter.",ready,,curated_batch11
courthouse,courthouse,1,1,裁判所の建物,記者たちは朝早くから裁判所の前に集まっていた。,Reporters gathered in front of the courthouse early in the morning.,ready,,curated_batch11
cove,cove,1,1,小さな入り江,私たちは静かな入り江で昼食を取った。,We had lunch in a quiet cove.,ready,,curated_batch11
dock,dock,1,1,船着き場,その船は日没前に船着き場へ戻った。,The boat returned to the dock before sunset.,ready,,curated_batch11
ministry,ministry,1,1,省 / 官庁,その省は来月、新しい指針を公表する予定だ。,The ministry plans to release new guidelines next month.,ready,,curated_batch11
inflammation,inflammation,1,1,炎症,医師は関節の炎症を抑える薬を処方した。,The doctor prescribed medicine to reduce the inflammation in the joint.,ready,,curated_batch11
cholesterol,cholesterol,1,1,コレステロール,彼は健康診断でコレステロール値の高さを指摘された。,He was told at his health check that his cholesterol level was high.,ready,,curated_batch11
personnel,personnel,1,1,職員 / 人員,空港では追加の警備人員が配置された。,Additional security personnel were assigned at the airport.,ready,,curated_batch11
controversy,controversy,1,1,論争,その発言は全国的な論争を引き起こした。,The remark sparked a nationwide controversy.,ready,,curated_batch11
recognition,recognition,1,1,認識 / 評価,彼女の努力はついに正式な評価を受けた。,Her efforts finally received official recognition.,ready,,curated_batch11
applicant,applicant,1,1,応募者 / 申請者,その職には百人以上の応募者が集まった。,More than one hundred applicants applied for the position.,ready,,curated_batch11
anthropologist,anthropologist,1,1,人類学者,その人類学者は島の文化を長年研究してきた。,The anthropologist has studied the island's culture for many years.,ready,,curated_batch11
sewage,sewage,1,1,下水 / 汚水,豪雨のあと、下水処理施設の点検が行われた。,The sewage treatment facilities were inspected after the heavy rain.,ready,,curated_batch11
acceptable,acceptable,1,1,受け入れられる / 許容できる,その案は全員にとって受け入れられるものではなかった。,The proposal was not acceptable to everyone.,ready,,curated_batch11
nuclear,nuclear,1,1,原子力の / 核の,その国では原子力政策をめぐる議論が続いている。,Debate continues in the country over nuclear policy.,ready,,curated_batch11
moral,moral,1,1,道徳的な,その問題には法的な面だけでなく道徳的な面もある。,The issue has not only a legal side but also a moral side.,ready,,curated_batch11
marine,marine,1,1,海の / 海洋の,研究者たちは海洋生物の変化を調べている。,Researchers are studying changes in marine life.,ready,,curated_batch11
conventional,conventional,1,1,従来の / ありふれた,その会社は従来の方法に代わる新しい仕組みを導入した。,The company introduced a new system to replace conventional methods.,ready,,curated_batch11
primitive,primitive,1,1,原始的な,その遺跡からは原始的な道具が多数見つかった。,Many primitive tools were found at the site.,ready,,curated_batch11
unfamiliar,unfamiliar,1,1,不慣れな / 見知らぬ,彼は見知らぬ環境で働くことに不安を感じていた。,He felt uneasy working in an unfamiliar environment.,ready,,curated_batch11
impractical,impractical,1,1,実用的でない,その案は理想的だが、今の予算では実用的でない。,"The idea is attractive, but it is impractical with the current budget.",ready,,curated_batch11
unpredictable,unpredictable,1,1,予測できない,山の天気は予測できないことが多い。,Weather in the mountains is often unpredictable.,ready,,curated_batch11
misleading,misleading,1,1,誤解を招く,その広告は消費者に誤解を招くおそれがある。,The advertisement may be misleading to consumers.,ready,,curated_batch11
plentiful,plentiful,1,1,豊富な,その地域では新鮮な水が豊富に手に入る。,Fresh water is plentiful in the region.,ready,,curated_batch11
Mediterranean,Mediterranean,1,1,地中海の / 地中海地方の,その料理には地中海地方の食文化の影響が見られる。,The dish shows the influence of Mediterranean food culture.,ready,,curated_batch11
unsafe,unsafe,1,1,安全でない,検査の結果、その橋は安全でないと判断された。,The bridge was judged unsafe after the inspection.,ready,,curated_batch11
feeble,feeble,1,1,弱々しい,彼は弱々しい声で助けを求めた。,He asked for help in a feeble voice.,ready,,curated_batch11
scenic,scenic,1,1,景色のよい,私たちは景色のよい海岸道路をゆっくり走った。,We drove slowly along a scenic coastal road.,ready,,curated_batch11
supplementary,supplementary,1,1,補足の / 補助的な,授業の理解を深めるため補足資料が配られた。,Supplementary materials were handed out to deepen understanding of the lesson.,ready,,curated_batch11
nosy,nosy,1,1,詮索好きな,彼は少し詮索好きなので、個人的なことをよく聞いてくる。,He is a bit nosy and often asks personal questions.,ready,,curated_batch11
intermediate,intermediate,1,1,中級の / 中間の,彼女は来月から中級レベルのクラスに移る。,She will move to an intermediate class next month.,ready,,curated_batch11
universal,universal,1,1,普遍的な / 万能の,感情を表す表情にはある程度普遍的なものがある。,Some facial expressions of emotion are universal.,ready,,curated_batch11
arise,arise,1,1,生じる / 起こる,作業中に問題が生じた場合はすぐに知らせてください。,Please let us know immediately if any problems arise during the work.,ready,,curated_batch11
implement,implement,1,1,実施する / 導入する,その学校は新しい評価制度を来年から実施する。,The school will implement a new evaluation system next year.,ready,,curated_batch11
reproduce,reproduce,1,1,再現する / 繁殖する,研究チームは実験結果を再現することに成功した。,The research team succeeded in reproducing the results of the experiment.,ready,,curated_batch11
seize,seize,1,1,つかむ / 押収する,警察は現場で違法な品物を押収した。,The police seized illegal goods at the scene.,ready,,curated_batch11
dominate,dominate,1,1,支配する / 優勢である,その企業は国内市場を長年支配してきた。,The company has dominated the domestic market for years.,ready,,curated_batch11
complicate,complicate,1,1,複雑にする,新しい規則が手続きをさらに複雑にした。,The new rules complicated the process even further.,ready,,curated_batch11
negotiate,negotiate,1,1,(条件について)交渉する,,They are negotiating a new contract.,ready,,matched_existing_exact
illustrate,illustrate,1,1,(例を挙げて)説明する,,The diagram illustrates how the machine works.,ready,,matched_existing_exact
encounter,encounter,1,1,(問題や人に)遭遇する,,We encountered heavy traffic on the way.,ready,,matched_existing_exact
confine,confine,1,1,(範囲内に)閉じこめる,,Please confine your comments to the main topic.,ready,,matched_existing_exact
transmit,transmit,1,1,伝える / 送る,その装置は遠くの観測所へデータを送信する。,The device transmits data to a distant observation station.,ready,,curated_batch11
administer,administer,1,1,(組織や制度を)運営する,,Nurses administered the vaccine carefully.,ready,,matched_existing_exact
resume,resume,1,1,再開する,雨がやんだあと、試合は午後に再開された。,The match resumed in the afternoon after the rain stopped.,ready,,curated_batch12
decay,decay,1,1,腐敗する / 衰える,放置された木材は雨の中で少しずつ腐敗した。,The abandoned wood decayed gradually in the rain.,ready,,curated_batch12
shrink,shrink,1,1,縮む / 減る,その湖は年々少しずつ縮小している。,The lake has been shrinking little by little each year.,ready,,curated_batch12
cherish,cherish,1,1,大切にする,彼女は祖母から受け継いだ時計を大切にしている。,She cherishes the watch she inherited from her grandmother.,ready,,curated_batch12
accommodate,accommodate,1,1,(人を)収容する / (事情に)対応する,,The hotel can accommodate 200 guests.,ready,,matched_existing_exact
withstand,withstand,1,1,耐える,その橋は強い風にも耐えられるよう設計されている。,The bridge is designed to withstand strong winds.,ready,,curated_batch12
halt,halt,1,1,止める / 停止する,濃い霧のため列車の運行が一時停止した。,Train service halted temporarily because of the heavy fog.,ready,,curated_batch12
transform,transform,1,1,変える / 変身させる,その計画は古い倉庫を地域施設へ変えるものだ。,The project will transform the old warehouse into a community facility.,ready,,curated_batch12
transplant,transplant,1,1,移植する,庭師は春に若い木を別の場所へ移植した。,The gardener transplanted the young tree to another place in spring.,ready,,curated_batch12
retail,retail,1,1,小売の / 小売りで,その会社は小売部門の売上拡大を目指している。,The company aims to expand sales in the retail sector.,ready,,curated_batch12
developer,developer,1,1,開発者,その開発者は教育向けの新しいアプリを公開した。,The developer released a new app for education.,ready,,curated_batch12
circulation,circulation,1,1,循環 / 流通,冬は手足の血液循環が悪くなりやすい。,Blood circulation in the hands and feet tends to worsen in winter.,ready,,curated_batch12
appliance,appliance,1,1,器具 / 家電製品,新しい家電製品を買う前に電気代も調べた。,We checked the electricity cost before buying the new appliance.,ready,,curated_batch12
innovation,innovation,1,1,革新,その企業は技術革新に多くの資金を投じている。,The company invests heavily in technological innovation.,ready,,curated_batch12
transaction,transaction,1,1,取引,その取引はすべてオンラインで記録されている。,All the transactions are recorded online.,ready,,curated_batch12
celebrity,celebrity,1,1,有名人,その有名人は環境保護の活動にも参加している。,The celebrity also takes part in environmental activities.,ready,,curated_batch12
checkup,checkup,1,1,健康診断 / 点検,彼は毎年春に健康診断を受けている。,He has a medical checkup every spring.,ready,,curated_batch12
makeup,makeup,1,1,化粧,舞台の前に俳優たちは化粧の準備をしていた。,The actors were getting their makeup ready before the performance.,ready,,curated_batch12
respondent,respondent,1,1,回答者,調査の回答者の多くが価格を重視していた。,Many survey respondents placed importance on price.,ready,,curated_batch12
well-being,well-being,1,1,幸福 / 健康,子どもの幸福を守ることが社会の大切な役目だ。,Protecting children's well-being is an important role of society.,ready,,curated_batch12
flaw,flaw,1,1,欠点 / 欠陥,設計上の欠陥が後になって見つかった。,A flaw in the design was found later.,ready,,curated_batch12
strain,strain,1,1,負担 / 緊張,長時間労働は心と体の両方に大きな負担を与える。,Long working hours place a heavy strain on both mind and body.,ready,,curated_batch12
rivalry,rivalry,1,1,競争 / ライバル関係,両校の長年のライバル関係は有名だ。,The long rivalry between the two schools is well known.,ready,,curated_batch12
publicity,publicity,1,1,世間の注目 / 宣伝,その事件は大きな世間の注目を集めた。,The incident attracted a great deal of publicity.,ready,,curated_batch12
consent,consent,1,1,同意,未成年者の参加には保護者の同意が必要だ。,Parental consent is required for minors to participate.,ready,,curated_batch12
addiction,addiction,1,1,依存症,専門家が若者のゲーム依存症について講演した。,A specialist gave a lecture on gaming addiction among young people.,ready,,curated_batch12
profession,profession,1,1,職業 / 専門職,彼女は教育を一生の職業に選んだ。,She chose education as her profession.,ready,,curated_batch12
sacrifice,sacrifice,1,1,犠牲 / 犠牲にすること,その成功の裏には家族の大きな犠牲があった。,There was great family sacrifice behind that success.,ready,,curated_batch12
assumption,assumption,1,1,想定 / 仮定,その計画は楽観的な想定に基づいていた。,The plan was based on optimistic assumptions.,ready,,curated_batch12
trait,trait,1,1,特性 / 特徴,忍耐強さは彼女の最も目立つ特性の一つだ。,Patience is one of her most notable traits.,ready,,curated_batch12
voucher,voucher,1,1,引換券 / クーポン,旅行会社から食事用の引換券が渡された。,The travel agency gave us a meal voucher.,ready,,curated_batch12
blaze,blaze,1,1,炎 / 火災,消防士たちは夜通し炎と戦った。,Firefighters battled the blaze all night.,ready,,curated_batch12
stance,stance,1,1,立場 / 姿勢,その問題に対する政府の立場は明確ではない。,The government's stance on the issue is not clear.,ready,,curated_batch12
dispute,dispute,1,1,論争 / 異議,,The dispute went to court.,ready,,matched_existing_exact
counterpart,counterpart,1,1,対応する相手 / 相当するもの,彼は海外支社の担当者と定期的に会議をしている。,He regularly meets with his counterpart at the overseas branch.,ready,,curated_batch12
perception,perception,1,1,認識 / 知覚,その出来事は地域の安全に対する人々の認識を変えた。,The event changed people's perception of local safety.,ready,,curated_batch12
custody,custody,1,1,保護 / 監護,裁判所は子どもの監護について判断を下した。,The court made a decision about custody of the child.,ready,,curated_batch12
dread,dread,1,1,強い不安 / 恐れ,彼は結果発表の日を強い不安をもって待っていた。,He awaited the day of the results with dread.,ready,,curated_batch12
incentive,incentive,1,1,(行動を促す)動機づけ,,Tax cuts can be an incentive.,ready,,matched_existing_exact
disgust,disgust,1,1,嫌悪感,その映像を見て多くの人が嫌悪感を覚えた。,Many people felt disgust when they saw the footage.,ready,,curated_batch12
province,province,1,1,州 / 地方,その州では農業が主要な産業になっている。,Agriculture is a major industry in the province.,ready,,curated_batch12
proponent,proponent,1,1,支持者 / 提唱者,その制度改革の提唱者たちは議会で説明を行った。,Proponents of the reform explained it in the assembly.,ready,,curated_batch12
commercial,commercial,1,1,商業の / 営利目的の,その地域では商業活動が近年大きく活発化している。,Commercial activity in the area has grown rapidly in recent years.,ready,,curated_batch12
excessive,excessive,1,1,過度の,過度のストレスは健康に悪影響を与えることがある。,Excessive stress can have a harmful effect on health.,ready,,curated_batch13
vulnerable,vulnerable,1,1,弱い立場の / 傷つきやすい,高齢者は暑さの影響を受けやすい立場にある。,Older people are vulnerable to extreme heat.,ready,,curated_batch13
protective,protective,1,1,保護する / 保護用の,作業員たちは保護用の服を着て現場に入った。,The workers entered the site wearing protective clothing.,ready,,curated_batch13
reluctant,reluctant,1,1,気が進まない,彼はその提案に賛成することに気が進まなかった。,He was reluctant to agree to the proposal.,ready,,curated_batch13
barren,barren,1,1,不毛の / 実りのない,その地域には木もほとんどない不毛の土地が広がっている。,Barren land with few trees stretches across the region.,ready,,curated_batch13
epidemic,epidemic,1,1,流行病 / 伝染病の流行,その町では冬にインフルエンザの流行が起きた。,An epidemic of influenza broke out in the town during winter.,ready,,curated_batch13
reliable,reliable,1,1,信頼できる,その情報源は長年にわたり信頼できると評価されている。,The source has long been considered reliable.,ready,,curated_batch13
hasty,hasty,1,1,早まった / 性急な,十分な確認をしない早まった判断は危険だ。,A hasty decision made without enough checking is risky.,ready,,curated_batch13
behavioral,behavioral,1,1,行動の / 行動に関する,その研究は子どもの行動の変化に注目している。,The study focuses on behavioral changes in children.,ready,,curated_batch13
bulky,bulky,1,1,かさばる,その機械は大きくてかさばるので運ぶのが大変だった。,The machine was bulky and hard to carry.,ready,,curated_batch13
faulty,faulty,1,1,欠陥のある / 故障した,故障した部品が事故の原因になった。,A faulty part caused the accident.,ready,,curated_batch13
hectic,hectic,1,1,非常に忙しい,年度末は職場が特に忙しくなる。,The workplace becomes especially hectic at the end of the fiscal year.,ready,,curated_batch13
knowledgeable,knowledgeable,1,1,知識のある / 物知りの,その店員は機械についてとても詳しかった。,The clerk was very knowledgeable about the machines.,ready,,curated_batch13
intact,intact,1,1,損なわれていない / そのままの,その遺跡は長い年月を経てもほぼそのまま残っていた。,The ruins remained largely intact despite the passage of time.,ready,,curated_batch13
comprehensive,comprehensive,1,1,(広い範囲を含む)包括的な,,The guide offers comprehensive advice.,ready,,matched_existing_exact
hesitant,hesitant,1,1,ためらっている,彼女はその場で返事をするのをためらっていた。,She was hesitant to answer on the spot.,ready,,curated_batch13
defensive,defensive,1,1,防御的な / 弁解がちな,質問されると彼は急に防御的な態度になった。,He became defensive when he was questioned.,ready,,curated_batch13
permanently,permanently,1,1,永久に / 恒久的に,その建物は安全上の理由で永久に閉鎖された。,The building was closed permanently for safety reasons.,ready,,curated_batch13
nonetheless,nonetheless,1,1,それでもなお,条件は厳しかったが、それでもなお彼らは挑戦を続けた。,"The conditions were severe; nonetheless, they kept trying.",ready,,curated_batch13
primarily,primarily,1,1,主として,この地域の収入は主として観光業に依存している。,The region's income depends primarily on tourism.,ready,,curated_batch13
intentionally,intentionally,1,1,意図的に,彼は意図的にその情報を省いたわけではないと言った。,He said he had not omitted the information intentionally.,ready,,curated_batch13
abruptly,abruptly,1,1,突然,会議は予想外の知らせで突然中断した。,The meeting ended abruptly because of unexpected news.,ready,,curated_batch13
outsource,outsource,1,1,外部委託する,その会社は一部の業務を海外に外部委託した。,The company outsourced some of its operations overseas.,ready,,curated_batch13
applaud,applaud,1,1,拍手する / 称賛する,観客は彼女の演説に大きな拍手を送った。,The audience applauded her speech warmly.,ready,,curated_batch13
bribe,bribe,1,1,賄賂,その事件では賄賂の受け渡しが問題になった。,The exchange of bribes became an issue in the case.,ready,,curated_batch13
replicate,replicate,1,1,再現する / 複製する,別のチームも同じ結果を再現できた。,Another team was able to replicate the same result.,ready,,curated_batch13
stroll,stroll,1,1,ぶらぶら歩く,夕食のあと、私たちは川沿いをぶらぶら歩いた。,"After dinner, we strolled along the river.",ready,,curated_batch13
swell,swell,1,1,膨らむ / 腫れる,転んだあとで足首がひどく腫れた。,His ankle began to swell badly after he fell.,ready,,curated_batch13
uphold,uphold,1,1,守る / 支持する,裁判所はその規則の有効性を支持した。,The court upheld the validity of the rule.,ready,,curated_batch13
vomit,vomit,1,1,吐く / 嘔吐する,彼は船酔いして船上で吐いてしまった。,He became seasick and vomited on the boat.,ready,,curated_batch13
expire,expire,1,1,期限が切れる,その会員証は来月で期限が切れる。,The membership card will expire next month.,ready,,curated_batch13
recruit,recruit,1,1,募集する / 採用する,その病院は新しい看護師を募集している。,The hospital is recruiting new nurses.,ready,,curated_batch13
enhance,enhance,1,1,高める / 向上させる,そのプログラムは生徒の表現力を高めることを目指している。,The program aims to enhance students' expressive ability.,ready,,curated_batch13
accumulate,accumulate,1,1,(少しずつ)蓄積する,,Dust accumulated under the sofa.,ready,,matched_existing_exact
designate,designate,1,1,指定する,その地域は国立公園として指定された。,The area was designated as a national park.,ready,,curated_batch13
conceal,conceal,1,1,隠す,彼は本当の目的を隠していた。,He was trying to conceal his true purpose.,ready,,curated_batch13
disregard,disregard,1,1,無視する,警告を無視すると重大な事故につながることがある。,Disregarding a warning can lead to a serious accident.,ready,,curated_batch13
accelerate,accelerate,1,1,(速度を)速める / 加速する,,The project accelerated after the funding arrived.,ready,,matched_existing_exact
revive,revive,1,1,復活させる / 回復させる,その町は祭りを復活させて観光を盛り上げた。,The town revived the festival and boosted tourism.,ready,,curated_batch13
enact,enact,1,1,制定する,議会は新しい安全法を制定した。,The assembly enacted a new safety law.,ready,,curated_batch13
exert,exert,1,1,及ぼす / 行使する,その指導者は地域社会に大きな影響を及ぼした。,The leader exerted a strong influence on the community.,ready,,curated_batch13
interfere,interfere,1,1,干渉する / 邪魔する,外部の雑音が録音の作業を邪魔した。,External noise interfered with the recording work.,ready,,curated_batch13
founder,founder,1,1,創設者,その会社の創設者は今も顧問として関わっている。,The founder of the company is still involved as an adviser.,ready,,curated_batch14
biologist,biologist,1,1,生物学者,その生物学者は海洋生物の変化を研究している。,The biologist studies changes in marine life.,ready,,curated_batch14
arrangement,arrangement,1,1,取り決め / 配置,会場の座席配置が朝のうちに変更された。,The seating arrangement in the hall was changed in the morning.,ready,,curated_batch14
landfill,landfill,1,1,埋立地 / ごみ埋立地,市は新しいごみ埋立地の必要性を検討している。,The city is considering the need for a new landfill site.,ready,,curated_batch14
trunk,trunk,1,1,幹 / 胴体 / トランク,,The elephant lifted the branch with its trunk.,ready,,curated_batch17
principle,principle,1,1,原則 / 信条,,Honesty is an important principle.,ready,,matched_existing_exact
independence,independence,1,1,独立 / 自立,多くの若者が経済的な自立を目標にしている。,Many young people aim for economic independence.,ready,,curated_batch14
exploration,exploration,1,1,探検 / 探査,その国は宇宙探査に多くの資金を投じている。,The country invests a great deal of money in space exploration.,ready,,curated_batch14
justice,justice,1,1,正義 / 公正,その判決は多くの人にとって公正の象徴だった。,The ruling was a symbol of justice for many people.,ready,,curated_batch14
humanity,humanity,1,1,人類 / 人間性,その災害は人類全体に共通する課題を浮き彫りにした。,The disaster highlighted challenges shared by all humanity.,ready,,curated_batch14
involvement,involvement,1,1,関与 / 参加,住民の関与なしにその計画は成功しないだろう。,The plan will not succeed without the involvement of local residents.,ready,,curated_batch14
accounting,accounting,1,1,会計,その会社は会計の透明性を高める方針を示した。,The company announced a policy to improve transparency in accounting.,ready,,curated_batch14
discrimination,discrimination,1,1,差別,その法律は職場での差別を禁じている。,The law prohibits discrimination in the workplace.,ready,,curated_batch14
inequality,inequality,1,1,不平等,教育の不平等は長期的な課題として残っている。,Educational inequality remains a long-term challenge.,ready,,curated_batch14
millennium,millennium,1,1,千年紀,その遺跡は一千年以上前の千年紀初期にさかのぼる。,The ruins date back to the early part of the previous millennium.,ready,,curated_batch14
refusal,refusal,1,1,拒否,彼の拒否は交渉をさらに難しくした。,His refusal made the negotiations even more difficult.,ready,,curated_batch14
distribution,distribution,1,1,配布 / 分布,救援物資の配布は午後から始まった。,The distribution of relief supplies began in the afternoon.,ready,,curated_batch14
wilderness,wilderness,1,1,荒野 / 原生地域,その公園の北部には手つかずの原生地域が広がっている。,Untouched wilderness stretches across the northern part of the park.,ready,,curated_batch14
concentration,concentration,1,1,集中 / 濃度,静かな環境は学習への集中を助ける。,A quiet environment helps concentration in learning.,ready,,curated_batch14
crust,crust,1,1,外皮 / 地殻,地震は地殻の動きによって引き起こされる。,Earthquakes are caused by movements in the Earth's crust.,ready,,curated_batch14
janitor,janitor,1,1,用務員,学校の用務員が朝早くから校舎を掃除していた。,The school janitor was cleaning the building early in the morning.,ready,,curated_batch14
prejudice,prejudice,1,1,偏見,その映画は社会に残る偏見を描いている。,The film depicts prejudice that remains in society.,ready,,curated_batch14
prosperity,prosperity,1,1,繁栄,その港町は交易によって大きな繁栄を遂げた。,The port town achieved great prosperity through trade.,ready,,curated_batch14
robbery,robbery,1,1,強盗,警察は昨夜の強盗事件を調べている。,The police are investigating last night's robbery.,ready,,curated_batch14
warranty,warranty,1,1,保証 / 保証書,その製品には二年間の保証が付いている。,The product comes with a two-year warranty.,ready,,curated_batch14
citizenship,citizenship,1,1,市民権 / 国籍,彼は長年の居住の末に市民権を取得した。,He obtained citizenship after living there for many years.,ready,,curated_batch14
stale,stale,1,1,古くなった / 新鮮でない,そのパンは少し古くなって固くなっていた。,The bread had become stale and hard.,ready,,curated_batch14
disadvantaged,disadvantaged,1,1,恵まれない立場の,その制度は恵まれない立場の子どもたちを支援している。,The program supports disadvantaged children.,ready,,curated_batch14
ongoing,ongoing,1,1,進行中の,進行中の調査に関する詳細はまだ公表されていない。,Details of the ongoing investigation have not yet been announced.,ready,,curated_batch14
sturdy,sturdy,1,1,頑丈な,その机は頑丈なので長く使えそうだ。,The desk is sturdy and should last a long time.,ready,,curated_batch14
unauthorized,unauthorized,1,1,無許可の,無許可の立ち入りは禁止されている。,Unauthorized entry is prohibited.,ready,,curated_batch14
verbal,verbal,1,1,言葉による / 口頭の,その契約には口頭の確認だけでなく書面も必要だ。,The agreement requires not only verbal confirmation but also written proof.,ready,,curated_batch14
weary,weary,1,1,疲れた,長い移動のあとで彼らは皆疲れきっていた。,They were all weary after the long trip.,ready,,curated_batch14
equivalent,equivalent,1,1,同等の / 相当するもの,,This amount is equivalent to one week of pay.,ready,,matched_existing_exact
intense,intense,1,1,(程度が)激しい,,The competition was intense.,ready,,matched_existing_exact
consecutive,consecutive,1,1,連続した,そのチームは三年連続で優勝した。,The team won the championship for three consecutive years.,ready,,curated_batch14
noticeable,noticeable,1,1,目立つ / はっきり分かる,新しい方針の効果が目に見えて現れ始めた。,The effects of the new policy are becoming noticeable.,ready,,curated_batch14
crucial,crucial,1,1,(成否を左右するほど)重要な,,Timing is crucial in an emergency.,ready,,matched_existing_exact
electrical,electrical,1,1,電気の,技術者が電気系統の故障を点検した。,The technician checked the electrical fault.,ready,,curated_batch14
steep,steep,1,1,急な / 急激な,私たちは急な坂道をゆっくり登った。,We climbed the steep slope slowly.,ready,,curated_batch14
civil,civil,1,1,市民の / 民間の,,The protest remained civil throughout the day.,ready,,matched_existing_exact
supreme,supreme,1,1,最高の / 最大の,安全の確保が私たちの最高の優先事項だ。,Ensuring safety is our supreme priority.,ready,,curated_batch14
elite,elite,1,1,精鋭の / エリート,その大会には世界中の精鋭選手が集まった。,Elite athletes from around the world gathered for the event.,ready,,curated_batch14
industrial,industrial,1,1,産業の / 工業の,その都市は工業地帯として発展してきた。,The city has developed as an industrial area.,ready,,curated_batch14
allied,allied,1,1,同盟した / 提携した,,The two companies formed allied research teams.,ready,,curated_batch17
presidential,presidential,1,1,大統領の,,The presidential election drew global attention.,ready,,curated_batch17
ethical,ethical,1,1,倫理的な / 道徳上の,,The company must address ethical concerns.,ready,,matched_existing_exact
realistic,realistic,1,1,現実的な,その目標は少し高いが、十分に現実的だ。,The goal is ambitious but still realistic.,ready,,curated_batch15
underlying,underlying,1,1,根本的な / 基礎にある,その問題の根本的な原因を探る必要がある。,We need to identify the underlying cause of the problem.,ready,,curated_batch15
complimentary,complimentary,1,1,無料の / 賛辞の,宿泊客には無料の朝食が提供された。,Complimentary breakfast was provided for the guests.,ready,,curated_batch15
accordingly,accordingly,1,1,それに応じて,天候が変わったので、予定もそれに応じて変更された。,"The weather changed, and the schedule was adjusted accordingly.",ready,,curated_batch15
notably,notably,1,1,特に,この地域は、特に春の景色の美しさで知られている。,The area is known notably for its spring scenery.,ready,,curated_batch15
continuously,continuously,1,1,継続的に / 絶えず,その装置は二十四時間継続的に動いている。,The device operates continuously for twenty-four hours.,ready,,curated_batch15
compel,compel,1,1,強いる,大雨のため、私たちは計画の変更を余儀なくされた。,Heavy rain compelled us to change our plans.,ready,,curated_batch15
distinguish,distinguish,1,1,区別する / 見分ける,事実と意見を区別する力が大切だ。,It is important to distinguish fact from opinion.,ready,,curated_batch15
heighten,heighten,1,1,高める,その報道は市民の不安をさらに高めた。,The report heightened public anxiety.,ready,,curated_batch15
ruin,ruin,1,1,台なしにする / 破滅させる,突然の嵐が収穫祭を台なしにした。,A sudden storm ruined the harvest festival.,ready,,curated_batch15
equip,equip,1,1,備えつける / 装備させる,その研究室には最新の機器が備えつけられている。,The laboratory is equipped with the latest devices.,ready,,curated_batch15
export,export,1,1,輸出する,その会社は高品質の製品を海外に輸出している。,The company exports high-quality products overseas.,ready,,curated_batch15
glance,glance,1,1,ちらりと見る,彼は時計をちらりと見て会議室へ入った。,He glanced at his watch and entered the meeting room.,ready,,curated_batch15
notify,notify,1,1,知らせる / 通知する,変更があれば、すぐに全員に知らせてください。,Please notify everyone immediately if there is any change.,ready,,curated_batch15
overdo,overdo,1,1,やりすぎる,練習をやりすぎると逆に体を痛めることがある。,"If you overdo practice, you may injure yourself instead.",ready,,curated_batch15
pierce,pierce,1,1,貫く,強い日差しが雲を貫いて差し込んだ。,Strong sunlight pierced the clouds.,ready,,curated_batch15
overestimate,overestimate,1,1,過大評価する,最初に必要な予算を過大評価していたことが分かった。,We found that we had overestimated the budget needed at first.,ready,,curated_batch15
raid,raid,1,1,急襲する / 手入れする,警察は違法な倉庫を手入れした。,The police raided the illegal warehouse.,ready,,curated_batch15
simplify,simplify,1,1,簡単にする,その新しい仕組みは申請手続きを大きく簡単にした。,The new system greatly simplified the application process.,ready,,curated_batch15
wrinkle,wrinkle,1,1,しわ,その布には深いしわが残っていた。,Deep wrinkles remained in the cloth.,ready,,curated_batch15
conspire,conspire,1,1,共謀する,二人は計画を隠すために共謀していた。,The two men conspired to hide the plan.,ready,,curated_batch15
imitate,imitate,1,1,まねる,子どもたちは大人の話し方をよくまねる。,Children often imitate the way adults speak.,ready,,curated_batch15
inhale,inhale,1,1,吸い込む,煙を吸い込まないように注意してください。,Please be careful not to inhale the smoke.,ready,,curated_batch15
overrate,overrate,1,2,過大評価する,一度の成功だけで自分の能力を過大評価してはいけない。,You should not overrate your abilities after just one success.,ready,,curated_batch15
sympathize,sympathize,1,2,同情する / 共感する,多くの人が被害者の立場に共感した。,Many people sympathized with the victims.,ready,,curated_batch15
glide,glide,1,2,滑るように進む,白鳥が湖の上を静かに滑るように進んだ。,The swan glided quietly across the lake.,ready,,curated_batch15
kidnap,kidnap,1,2,誘拐する,警察は子どもを誘拐した疑いのある男を捜している。,The police are searching for a man suspected of kidnapping a child.,ready,,curated_batch15
simmer,simmer,1,2,とろ火で煮る,そのスープは弱火でしばらく煮る必要がある。,The soup needs to simmer for a while over low heat.,ready,,curated_batch15
thaw,thaw,1,2,解ける / 解凍する,春になると凍った地面が少しずつ解け始める。,The frozen ground begins to thaw little by little in spring.,ready,,curated_batch15
unfold,unfold,1,2,展開する / 広げる,その会議では予想外の出来事が次々に展開した。,Unexpected events unfolded one after another at the meeting.,ready,,curated_batch15
detain,detain,1,2,拘束する / 引き留める,警察は事情を聞くためにその男を一時拘束した。,The police detained the man for questioning.,ready,,curated_batch15
puncture,puncture,1,2,穴をあける,とがった金属片がタイヤに穴をあけた。,A sharp piece of metal punctured the tire.,ready,,curated_batch15
strangle,strangle,1,2,締めつける,,High costs can strangle small businesses.,ready,,curated_batch43
hygiene,hygiene,1,2,衛生,食品を扱う職場では衛生管理が特に重要だ。,Hygiene control is especially important in workplaces that handle food.,ready,,curated_batch15
oppression,oppression,1,2,抑圧,その物語は長年の抑圧からの解放を描いている。,The story depicts liberation from years of oppression.,ready,,curated_batch15
collaboration,collaboration,1,2,協力 / 共同作業,大学と企業の協力で新しい研究施設が作られた。,A new research center was built through collaboration between the university and the company.,ready,,curated_batch15
harbor,harbor,1,2,港,漁船が夕方までに港へ戻ってきた。,The fishing boats returned to the harbor by evening.,ready,,curated_batch15
lawn,lawn,1,2,芝生,子どもたちは広い芝生の上で遊んでいた。,The children were playing on the wide lawn.,ready,,curated_batch15
pedestrian,pedestrian,1,2,歩行者,歩行者の安全を守るために新しい信号が設置された。,New traffic lights were installed to protect pedestrians.,ready,,curated_batch15
racism,racism,1,2,人種差別,その授業では歴史の中の人種差別について学んだ。,The class learned about racism in history.,ready,,curated_batch15
summit,summit,1,2,首脳会談 / 山頂,各国の首脳は気候問題について首脳会談を開いた。,World leaders held a summit on climate issues.,ready,,curated_batch16
bug,bug,1,2,虫 / 不具合,,A bug in the program caused the app to crash.,ready,,curated_batch17
maternity,maternity,1,2,母性 / 出産,その病院には出産を支える専門の病棟がある。,The hospital has a ward specializing in maternity care.,ready,,curated_batch16
certainty,certainty,1,2,確実性 / 確信,将来のことを確実に予測するのは難しい。,It is difficult to predict the future with certainty.,ready,,curated_batch16
imbalance,imbalance,1,2,不均衡 / アンバランス,食生活の不均衡が健康問題につながることがある。,An imbalance in diet can lead to health problems.,ready,,curated_batch16
incidence,incidence,1,2,発生率 / 発生,その病気の発生率はここ数年で下がっている。,The incidence of the disease has decreased in recent years.,ready,,curated_batch16
pit,pit,1,2,穴 / くぼみ,道路に大きな穴ができていたので修理が必要だった。,A large pit had formed in the road and needed repair.,ready,,curated_batch16
texture,texture,1,2,手触り / 質感,その布はやわらかい質感で人気がある。,The fabric is popular for its soft texture.,ready,,curated_batch16
thumb,thumb,1,2,親指,彼は転んで親指を少し痛めた。,He hurt his thumb slightly when he fell.,ready,,curated_batch16
undergraduate,undergraduate,1,2,学部生,その研究室では多くの学部生が実験に参加している。,Many undergraduates take part in the experiments in that lab.,ready,,curated_batch16
wisdom,wisdom,1,2,知恵,年長者の知恵から学べることは多い。,There is much to learn from the wisdom of older people.,ready,,curated_batch16
bride,bride,1,2,花嫁,花嫁は式の前に家族へ感謝の言葉を伝えた。,The bride thanked her family before the ceremony.,ready,,curated_batch16
dictator,dictator,1,2,独裁者,その国は長い間独裁者の支配下にあった。,The country was under the control of a dictator for many years.,ready,,curated_batch16
signature,signature,1,2,署名,契約書には両者の署名が必要だ。,The contract requires the signatures of both parties.,ready,,curated_batch16
testament,testament,1,2,証拠 / 遺言,,The result is a testament to years of effort.,ready,,curated_batch17
attachment,attachment,1,2,愛着 / 添付ファイル,その写真には強い愛着がある。,I have a strong attachment to that photograph.,ready,,curated_batch16
bachelor,bachelor,1,2,独身男性 / 学士,彼はまだ若い独身男性として都会で暮らしている。,He lives in the city as a young bachelor.,ready,,curated_batch16
blister,blister,1,2,まめ / 水ぶくれ,長い登山で足に大きなまめができた。,A long hike left a large blister on my foot.,ready,,curated_batch16
blockade,blockade,1,2,封鎖,道路の封鎖で物資の輸送が大きく遅れた。,The blockade of the road greatly delayed the transport of supplies.,ready,,curated_batch16
condo,condo,1,2,分譲マンション,彼らは駅の近くに新しい分譲マンションを買った。,They bought a new condo near the station.,ready,,curated_batch16
invoice,invoice,1,2,請求書,月末までに請求書を経理部へ提出しなければならない。,The invoice must be submitted to the accounting department by the end of the month.,ready,,curated_batch16
leisure,leisure,1,2,余暇 / 暇,,Reading is one of my favorite leisure activities.,ready,,matched_existing_exact
meditation,meditation,1,2,瞑想,彼は毎朝十分ほど静かに瞑想している。,He spends ten minutes in meditation every morning.,ready,,curated_batch16
procession,procession,1,2,行列 / 行進,祭りの日には色鮮やかな行列が町を進んだ。,A colorful procession moved through the town on the festival day.,ready,,curated_batch16
unrest,unrest,1,2,不安 / 騒乱,社会の不安が広がる中で選挙が行われた。,The election was held amid growing social unrest.,ready,,curated_batch16
equator,equator,1,2,赤道,その国は赤道の近くに位置している。,The country is located near the equator.,ready,,curated_batch16
exhausted,exhausted,1,2,疲れ果てた,長い会議のあとで全員が疲れ果てていた。,Everyone was exhausted after the long meeting.,ready,,curated_batch16
problematic,problematic,1,2,問題のある,その説明にはいくつか問題のある点があった。,There were several problematic points in the explanation.,ready,,curated_batch16
desirable,desirable,1,2,望ましい,その地域では車より公共交通の利用が望ましい。,"In the area, using public transportation is more desirable than using cars.",ready,,curated_batch16
geological,geological,1,2,地質学の / 地質の,調査隊は地質の変化を長期的に観測している。,The survey team is monitoring geological changes over the long term.,ready,,curated_batch16
rash,rash,1,2,軽率な / 発疹,彼の軽率な発言が議論を混乱させた。,His rash remark confused the discussion.,ready,,curated_batch16
solitary,solitary,1,2,孤独な / たった一人の,その研究者は山小屋で一人きりの生活を続けた。,The researcher continued a solitary life in the mountain cabin.,ready,,curated_batch16
uneven,uneven,1,2,でこぼこの / 不均一な,その古い道は表面がでこぼこしていて歩きにくかった。,The old road had an uneven surface and was hard to walk on.,ready,,curated_batch16
antique,antique,1,2,骨董品,その店では古い骨董品の時計が売られていた。,An antique clock was on sale in the shop.,ready,,curated_batch16
economical,economical,1,2,経済的な / 節約になる,その新型車は燃費が良くて経済的だ。,The new car is economical because it uses little fuel.,ready,,curated_batch16
fictional,fictional,1,2,架空の,その小説は架空の町を舞台にしている。,The novel is set in a fictional town.,ready,,curated_batch16
victorious,victorious,1,2,勝利した,選手たちは勝利した笑顔で会場を後にした。,The players left the venue with victorious smiles.,ready,,curated_batch16
witty,witty,1,2,機知に富んだ,彼の機知に富んだ返答に会場が笑いに包まれた。,His witty reply made the audience laugh.,ready,,curated_batch16
blurry,blurry,1,2,ぼやけた,古い写真は少しぼやけていたが価値があった。,The old photo was blurry but valuable.,ready,,curated_batch16
exceptional,exceptional,1,2,並外れた,彼女は並外れた集中力で難しい課題を終えた。,She completed the difficult task with exceptional concentration.,ready,,curated_batch16
finite,finite,1,2,限りのある,地球の資源は限りのあるものとして扱う必要がある。,We need to treat the Earth's resources as finite.,ready,,curated_batch16
on-the-job,on-the-job,1,2,実地の / 仕事をしながらの,,Most of the training was on-the-job and practical.,ready,,curated_batch17
cheery,cheery,1,2,陽気な,,She greeted us with a cheery smile.,ready,,curated_batch17
cowardly,cowardly,1,2,臆病な,,It was cowardly to blame someone else for the mistake.,ready,,curated_batch17
immeasurable,immeasurable,1,2,計り知れない,,Her support had an immeasurable effect on the project.,ready,,curated_batch17
impaired,impaired,1,2,損なわれた / 障害のある,,His vision was temporarily impaired by the bright light.,ready,,curated_batch17
impassable,impassable,1,2,通行できない,,The road became impassable after the flood.,ready,,curated_batch17
inactive,inactive,1,2,活動していない / 不活発な,,The account remained inactive for several months.,ready,,curated_batch17
inconvenient,inconvenient,1,2,不便な,,"The new station is convenient, but the bus route is inconvenient.",ready,,curated_batch17
superstitious,superstitious,1,2,迷信深い,,He is superstitious about certain numbers.,ready,,curated_batch17
unpleasant,unpleasant,1,2,不快な,,It was an unpleasant experience for everyone involved.,ready,,curated_batch17
wicked,wicked,1,2,邪悪な,,The story centers on a wicked ruler.,ready,,curated_batch17
ecological,ecological,1,2,生態学上の / 環境の,,The report examines the ecological impact of tourism.,ready,,curated_batch17
imaginary,imaginary,1,2,想像上の,,The child created an imaginary friend.,ready,,curated_batch17
ripe,ripe,1,2,熟した,,The farmers picked the ripe fruit in the morning.,ready,,curated_batch17
disguise,disguise,1,2,変装させる / 隠す,,He tried to disguise his disappointment with a smile.,ready,,curated_batch17
curb,curb,1,2,(増加や悪化を)抑える,,The new policy aims to curb waste.,ready,,matched_existing_exact
restrain,restrain,1,2,抑える / 制止する,,She tried to restrain her anger during the discussion.,ready,,curated_batch18
stumble,stumble,1,2,つまずく,,He stumbled on the steps in the dark.,ready,,curated_batch18
diminish,diminish,1,2,(徐々に)減少する,,The pain gradually diminished.,ready,,matched_existing_exact
rotate,rotate,1,2,回転する / 交代する,,The earth rotates once every twenty-four hours.,ready,,curated_batch18
compress,compress,1,2,圧縮する / 圧迫する,,The software can compress large files quickly.,ready,,curated_batch18
decode,decode,1,2,解読する,,Experts worked to decode the message.,ready,,curated_batch18
offset,offset,1,2,相殺する / 埋め合わせる,,The savings offset the increase in fuel costs.,ready,,curated_batch18
bid,bid,1,2,入札する / 値をつける,,Several companies bid for the project.,ready,,curated_batch18
burst,burst,1,2,破裂する / 突発的に起こる,,The balloon burst with a loud noise.,ready,,curated_batch18
overtake,overtake,1,2,追い越す / 圧倒する,,The blue car managed to overtake the truck.,ready,,curated_batch18
retain,retain,1,2,保つ / 保持する,,This material retains heat well.,ready,,curated_batch18
litter,litter,1,2,ごみを散らかす / ごみ,,Visitors were asked not to litter the park.,ready,,curated_batch18
prohibit,prohibit,1,2,(規則で)禁止する,,The law prohibits discrimination.,ready,,matched_existing_exact
discipline,discipline,1,2,規律 / しつける,,Daily practice requires discipline.,ready,,curated_batch18
yield,yield,1,2,生み出す / 屈する / 収穫,,The farm yields more rice in warm years.,ready,,curated_batch18
sweep,sweep,1,2,掃く / さっと動く,,She swept the floor before opening the shop.,ready,,curated_batch18
dictate,dictate,1,2,命じる / 書き取らせる,,The manager did not want to dictate every detail.,ready,,curated_batch18
inject,inject,1,2,注入する,,Doctors injected the medicine slowly.,ready,,curated_batch18
urge,urge,1,2,強く促す / 衝動,,Experts urged the public to stay calm.,ready,,curated_batch18
mimic,mimic,1,2,まねる,,The child tried to mimic his teacher's voice.,ready,,curated_batch18
roam,roam,1,2,歩き回る,,Wild deer roam freely in the forest.,ready,,curated_batch18
assess,assess,1,2,(価値や状況を)評価する,,The doctor assessed his condition.,ready,,matched_existing_exact
boast,boast,1,2,自慢する,,He likes to boast about his achievements.,ready,,curated_batch18
drag,drag,1,2,引きずる,,They had to drag the heavy box across the floor.,ready,,curated_batch18
repay,repay,1,2,返済する / 報いる,,He promised to repay the money by Friday.,ready,,curated_batch18
overthrow,overthrow,1,2,打倒する / 転覆させる,,The group attempted to overthrow the government.,ready,,curated_batch18
fulfill,fulfill,1,2,果たす / 満たす,,We must fulfill our responsibilities to the team.,ready,,curated_batch18
doom,doom,1,2,破滅させる / 破滅,,Poor planning can doom a project from the start.,ready,,curated_batch18
affiliate,affiliate,1,2,提携する / 系列会社,,The college is affiliated with a major university.,ready,,curated_batch18
assault,assault,1,2,暴行,,The article covered a serious assault case.,ready,,curated_batch43
testimony,testimony,1,2,証言,,Her testimony changed the course of the trial.,ready,,curated_batch18
errand,errand,1,2,使い / 用事,,I have to run a few errands before lunch.,ready,,curated_batch18
friction,friction,1,2,摩擦 / 不和,,Friction between the two teams slowed progress.,ready,,curated_batch18
coalition,coalition,1,2,連合 / 連立,,Several parties formed a coalition after the election.,ready,,curated_batch18
influx,influx,1,2,流入,,The city saw an influx of visitors during the festival.,ready,,curated_batch18
curse,curse,1,2,ののしる / 呪い,,He began to curse when the machine stopped working.,ready,,curated_batch18
app,app,1,2,アプリ,,The app helps users manage their daily tasks.,ready,,curated_batch18
visibility,visibility,1,2,視界 / 見通し,,Visibility was poor because of the fog.,ready,,curated_batch18
fabric,fabric,1,2,布地,,This fabric feels smooth and light.,ready,,curated_batch18
collision,collision,1,2,衝突,,The collision blocked the road for hours.,ready,,curated_batch18
dioxide,dioxide,1,2,二酸化物,,Plants absorb carbon dioxide from the air.,ready,,curated_batch18
orbit,orbit,1,2,軌道 / 周回する,,The satellite remains in orbit around Earth.,ready,,curated_batch18
literacy,literacy,1,2,読み書き能力,,The program aims to improve literacy among children.,ready,,curated_batch18
scheme,scheme,1,2,計画 / 仕組み,,The city introduced a new recycling scheme.,ready,,curated_batch18
completion,completion,1,2,完成,,The bridge is close to completion.,ready,,curated_batch19
expertise,expertise,1,2,専門知識,,We need someone with legal expertise.,ready,,curated_batch19
diploma,diploma,1,2,卒業証書,,She framed her diploma and hung it on the wall.,ready,,curated_batch19
livelihood,livelihood,1,2,生計,,Fishing is the main livelihood in the village.,ready,,curated_batch19
motive,motive,1,2,動機,,Police are still investigating the motive.,ready,,curated_batch19
recession,recession,1,2,不況,,Many small businesses suffered during the recession.,ready,,curated_batch19
surrounding,surrounding,1,2,周囲の,,We enjoyed the surrounding scenery from the train.,ready,,curated_batch19
venture,venture,1,2,事業 / 思い切って行く,,The startup began as a small family venture.,ready,,curated_batch19
physician,physician,1,2,医師,,You should consult a physician if the pain continues.,ready,,curated_batch19
perspective,perspective,1,2,視点 / 見方,,Travel changed my perspective.,ready,,matched_existing_exact
physics,physics,1,2,物理学,,She chose physics as her major at university.,ready,,curated_batch19
legislation,legislation,1,2,法律 / 法制,,The new legislation will take effect next year.,ready,,curated_batch19
daring,daring,1,2,大胆な,,The rescue team made a daring attempt.,ready,,curated_batch19
transparent,transparent,1,2,透明な / 明白な,,The bottle is made of transparent plastic.,ready,,curated_batch19
tragic,tragic,1,2,悲劇的な,,The accident was a tragic event for the town.,ready,,curated_batch19
sinister,sinister,1,2,不吉な / 邪悪な,,There was something sinister about the empty building.,ready,,curated_batch19
striking,striking,1,2,著しい / 印象的な,,The painting has a striking use of color.,ready,,curated_batch19
plural,plural,1,2,複数の / 複数形,,The noun takes a different ending in the plural form.,ready,,curated_batch19
vital,vital,1,2,極めて重要な / 生命に関わる,,Clean water is vital for public health.,ready,,curated_batch19
sensitive,sensitive,1,2,敏感な / 配慮の必要な,,This is a sensitive issue for many residents.,ready,,curated_batch19
remarkable,remarkable,1,2,注目すべき / 顕著な,,She made remarkable progress in a short time.,ready,,curated_batch19
minimal,minimal,1,2,最小限の,,The damage was minimal after the repairs.,ready,,curated_batch19
bankrupt,bankrupt,1,2,破産した,,The company went bankrupt after years of losses.,ready,,curated_batch19
authentic,authentic,1,2,本物の / 信頼できる,,The museum confirmed that the painting was authentic.,ready,,curated_batch19
moderate,moderate,1,2,適度な / 穏健な,,Moderate exercise can improve your health.,ready,,curated_batch19
alien,alien,1,2,異質な / 外国の,,The customs felt alien to the visitors at first.,ready,,curated_batch19
prompt,prompt,1,2,迅速な / 促す,,Thank you for your prompt reply.,ready,,curated_batch19
random,random,1,2,無作為の / 手当たり次第の,,The names were chosen at random.,ready,,curated_batch19
decisive,decisive,1,2,決定的な / 決断力のある,,The final goal was the decisive moment of the match.,ready,,curated_batch19
inevitable,inevitable,1,2,(避けようがなく)避けられない,,Some mistakes are inevitable at first.,ready,,matched_existing_exact
acid,acid,1,2,酸 / 酸性の,,The liquid contains a strong acid.,ready,,curated_batch19
climatic,climatic,1,2,気候の,,The area has undergone major climatic changes.,ready,,curated_batch19
incredible,incredible,1,2,信じられない / 驚くべき,,She has an incredible memory for names.,ready,,curated_batch19
precise,precise,1,2,(細部まで)正確な,,Please give precise instructions.,ready,,matched_existing_exact
invaluable,invaluable,1,2,非常に貴重な,,Your advice was invaluable to the team.,ready,,curated_batch19
stern,stern,1,2,厳しい,,The coach gave the players a stern warning.,ready,,curated_batch19
indifferent,indifferent,1,2,無関心な,,He seemed indifferent to the criticism.,ready,,curated_batch19
charitable,charitable,1,2,慈善の / 寛大な,,They donated the money to a charitable organization.,ready,,curated_batch19
massive,massive,1,2,巨大な,,A massive wall surrounded the old city.,ready,,curated_batch19
comparable,comparable,1,2,比較できる / 同程度の,,The two products are comparable in quality.,ready,,curated_batch19
irrational,irrational,1,2,不合理な,,Fear can sometimes lead to irrational decisions.,ready,,curated_batch19
cynical,cynical,1,2,皮肉な / 冷笑的な,,His cynical comments upset the team.,ready,,curated_batch19
overly,overly,1,2,過度に,,The instructions were overly complicated.,ready,,curated_batch19
literally,literally,1,2,文字どおりに,,The word cannot be taken literally in this context.,ready,,curated_batch20
voluntarily,voluntarily,1,2,自発的に,,Many students participated voluntarily in the survey.,ready,,curated_batch20
technically,technically,1,2,技術的には / 厳密には,,"Technically, the machine is still under warranty.",ready,,curated_batch20
wholly,wholly,1,2,完全に,,The decision was not wholly unexpected.,ready,,curated_batch20
approximately,approximately,1,2,およそ,,Approximately fifty people attended the lecture.,ready,,curated_batch20
uniquely,uniquely,1,2,独特に / 唯一,,The city is uniquely suited for the event.,ready,,curated_batch20
bewilder,bewilder,1,2,当惑させる,,The sudden question seemed to bewilder him.,ready,,curated_batch20
clutch,clutch,1,2,しっかりつかむ,,She clutched her bag tightly on the crowded train.,ready,,curated_batch20
discard,discard,1,2,捨てる,,Please discard any damaged materials.,ready,,curated_batch20
enlist,enlist,1,2,参加する / 協力を得る,,We enlisted local volunteers to help with the event.,ready,,curated_batch20
heed,heed,1,2,注意を払う,,Drivers should heed the warning signs.,ready,,curated_batch20
liberate,liberate,1,2,解放する,,The reform helped liberate workers from unfair rules.,ready,,curated_batch20
overlap,overlap,1,2,重なる,,Our schedules overlap on Friday afternoon.,ready,,curated_batch20
reconstruct,reconstruct,1,2,再建する / 復元する,,The town worked to reconstruct the damaged bridge.,ready,,curated_batch20
shriek,shriek,1,2,甲高い声を上げる,,Someone shrieked when the lights went out.,ready,,curated_batch20
sprain,sprain,1,2,捻挫する / 捻挫,,He sprained his ankle during practice.,ready,,curated_batch20
resent,resent,1,2,憤る / 不快に思う,,She resented being ignored in the meeting.,ready,,curated_batch20
thrive,thrive,1,2,繁栄する / 元気に育つ,,Small plants can thrive in this climate.,ready,,curated_batch20
embrace,embrace,1,2,受け入れる / 抱きしめる,,The company chose to embrace new technology.,ready,,curated_batch20
excel,excel,1,2,秀でる,,She excels at solving complex problems.,ready,,curated_batch20
enroll,enroll,1,2,登録する / 入学する,,He enrolled in a night course last month.,ready,,curated_batch20
retrieve,retrieve,1,2,取り戻す / 回収する,,She went back to retrieve her notebook.,ready,,curated_batch20
degrade,degrade,1,2,劣化させる / 品位を落とす,,Sunlight can degrade some materials over time.,ready,,curated_batch20
reconcile,reconcile,1,2,和解させる / 調和させる,,They were able to reconcile after a long conversation.,ready,,curated_batch20
contaminate,contaminate,1,2,(水や土壌を)汚染する,,Dirty water can contaminate the soil.,ready,,matched_existing_exact
disrupt,disrupt,1,2,妨害する / 混乱させる,,Snow can disrupt train service in winter.,ready,,curated_batch20
divert,divert,1,2,そらす / 迂回させる,,Police diverted traffic away from the bridge.,ready,,curated_batch20
grumble,grumble,1,2,ぶつぶつ言う,,He began to grumble about the delay.,ready,,curated_batch20
provoke,provoke,1,2,引き起こす / 怒らせる,,The remark could provoke unnecessary conflict.,ready,,curated_batch20
outweigh,outweigh,1,2,上回る,,The benefits outweigh the risks in this case.,ready,,curated_batch20
crave,crave,1,2,強く望む,,"After the hike, we craved cold water.",ready,,curated_batch20
sustain,sustain,1,2,維持する / 支える,,The region cannot sustain growth without more water.,ready,,curated_batch20
disclose,disclose,1,2,明らかにする,,The company declined to disclose the full details.,ready,,curated_batch20
tempt,tempt,1,2,誘惑する,,The smell of fresh bread tempted us inside.,ready,,curated_batch20
resign,resign,1,2,辞職する,,She chose to resign from the committee.,ready,,curated_batch20
dismiss,dismiss,1,2,退ける / 解雇する,,The judge dismissed the complaint.,ready,,curated_batch20
surpass,surpass,1,2,上回る,,This year's sales surpassed expectations.,ready,,curated_batch20
bounce,bounce,1,2,跳ねる / 立ち直る,,The ball bounced high off the wall.,ready,,curated_batch20
bureau,bureau,1,2,局 / 事務局,,The statistics bureau released new data.,ready,,curated_batch20
dependency,dependency,1,2,依存,,The country reduced its dependency on imported fuel.,ready,,curated_batch20
discomfort,discomfort,1,2,不快感,,The new shoes caused some discomfort at first.,ready,,curated_batch20
drawback,drawback,1,2,欠点,,The plan has one serious drawback.,ready,,curated_batch21
feast,feast,1,2,祝宴 / ごちそう,,The family prepared a feast for the holiday.,ready,,curated_batch21
hydrogen,hydrogen,1,2,水素,,Hydrogen is the lightest element.,ready,,curated_batch21
modernization,modernization,1,2,近代化,,The railway system needs modernization.,ready,,curated_batch21
objective,objective,1,2,目的 / 客観的な基準,,Our main objective is quality.,ready,,matched_existing_exact
poll,poll,1,2,世論調査 / 投票,,The latest poll shows rising support for the plan.,ready,,curated_batch21
ration,ration,1,2,配給量 / 配給する,,Water was rationed during the drought.,ready,,curated_batch21
revenue,revenue,1,2,収益,,Tourism is a major source of revenue for the town.,ready,,curated_batch21
scholarship,scholarship,1,2,奨学金 / 学識,,She won a scholarship to study abroad.,ready,,curated_batch21
upbringing,upbringing,1,2,育ち / しつけ,,His upbringing influenced his values.,ready,,curated_batch21
compliment,compliment,1,2,ほめ言葉 / ほめる,,She took the comment as a compliment.,ready,,curated_batch21
excerpt,excerpt,1,2,抜粋,,The magazine published an excerpt from the novel.,ready,,curated_batch21
downturn,downturn,1,2,景気後退 / 落ち込み,,Sales fell during the economic downturn.,ready,,curated_batch21
intersection,intersection,1,2,交差点 / 交差,,Turn left at the next intersection.,ready,,curated_batch21
anarchy,anarchy,1,2,無政府状態,,"Without clear rules, the situation could turn into anarchy.",ready,,curated_batch21
breakup,breakup,1,2,分裂 / 別れ,,The breakup of the company surprised many employees.,ready,,curated_batch21
exemption,exemption,1,2,免除,,Students may qualify for a fee exemption.,ready,,curated_batch21
monarch,monarch,1,2,君主,,The monarch addressed the nation on television.,ready,,curated_batch21
narrative,narrative,1,2,物語 / 話術,,The film has a simple but effective narrative.,ready,,curated_batch21
sensation,sensation,1,2,感覚 / 大評判,,The singer became a sensation overnight.,ready,,curated_batch21
apprentice,apprentice,1,2,見習い,,He worked as an apprentice in a bakery.,ready,,curated_batch21
dehydration,dehydration,1,2,脱水,,Athletes must avoid dehydration in hot weather.,ready,,curated_batch21
questionable,questionable,1,2,疑わしい,,The report was based on questionable data.,ready,,curated_batch21
outdated,outdated,1,2,時代遅れの,,The office still uses outdated equipment.,ready,,curated_batch21
forthcoming,forthcoming,1,2,来たるべき / 率直な,,Details of the forthcoming event were announced.,ready,,curated_batch21
gross,gross,1,2,総計の / ひどい,,The company's gross income increased this year.,ready,,curated_batch21
overdue,overdue,1,2,期限の過ぎた / 待ち望まれた,,The library book is overdue by three days.,ready,,curated_batch21
contemporary,contemporary,1,2,同時代の / 現代の,,The museum features contemporary art.,ready,,matched_existing_exact
drastic,drastic,1,2,思い切った / 極端な,,The city took drastic measures to reduce traffic.,ready,,curated_batch21
conditional,conditional,1,2,条件付きの,,His offer was conditional on quick approval.,ready,,curated_batch21
subjective,subjective,1,2,主観的な,,Art reviews are often subjective.,ready,,curated_batch21
exotic,exotic,1,2,異国風の / 珍しい,,The market sells exotic fruits from overseas.,ready,,curated_batch21
intensive,intensive,1,2,集中的な,,She took an intensive language course.,ready,,curated_batch21
obscure,obscure,1,2,不明瞭な / 無名の,,The meaning of the sentence remained obscure.,ready,,curated_batch21
tedious,tedious,1,2,退屈な,,The paperwork was long and tedious.,ready,,curated_batch21
exclusive,exclusive,1,2,独占的な / 限定的な,,The club is exclusive to members only.,ready,,curated_batch21
decent,decent,1,2,きちんとした / かなり良い,,He earns a decent salary now.,ready,,curated_batch21
considerate,considerate,1,2,思いやりのある,,It was considerate of her to call in advance.,ready,,curated_batch21
durable,durable,1,2,(壊れにくく)長持ちする,,These shoes are light but durable.,ready,,matched_existing_exact
perpetual,perpetual,1,2,絶え間ない / 永続する,,The machine needs repair because of perpetual vibration.,ready,,curated_batch21
proficient,proficient,1,2,熟達した,,She is proficient in three languages.,ready,,curated_batch21
acoustic,acoustic,1,2,音の / 音響の,,The hall was designed for acoustic quality.,ready,,curated_batch21
biographical,biographical,1,2,伝記の,,She is reading a biographical novel about the artist.,ready,,curated_batch21
botanical,botanical,1,2,植物の,,The botanical garden is popular in spring.,ready,,curated_batch22
brutal,brutal,1,2,残酷な / 厳しい,,The runners faced brutal heat during the race.,ready,,curated_batch22
commendable,commendable,1,2,賞賛に値する,,Her efforts to support the community were commendable.,ready,,curated_batch22
desperate,desperate,1,2,必死の / 絶望的な,,They made a desperate attempt to save time.,ready,,curated_batch22
extravagant,extravagant,1,2,ぜいたくな / 派手な,,The hotel lobby had an extravagant design.,ready,,curated_batch22
filthy,filthy,1,2,非常に汚い,,The floor was filthy after the storm.,ready,,curated_batch22
serene,serene,1,2,穏やかな,,The lake looked serene in the morning light.,ready,,curated_batch22
inherent,inherent,1,2,本来備わった,,There are inherent risks in mountain climbing.,ready,,curated_batch22
subsequently,subsequently,1,2,その後,,He moved to Tokyo and subsequently started his own business.,ready,,curated_batch22
deliberately,deliberately,1,2,故意に / 慎重に,,She spoke slowly and deliberately.,ready,,curated_batch22
portray,portray,1,2,描く / 表現する,,The film portrays life in a small village.,ready,,curated_batch22
dispatch,dispatch,1,2,発送する / 派遣する,,The company dispatched the package this morning.,ready,,curated_batch22
amend,amend,1,2,修正する,,The committee voted to amend the proposal.,ready,,curated_batch22
betray,betray,1,2,裏切る / 露呈させる,,His face betrayed his disappointment.,ready,,curated_batch22
wither,wither,1,2,しおれる,,The flowers withered in the heat.,ready,,curated_batch22
omit,omit,1,2,省く,,Please do not omit any important details.,ready,,curated_batch22
fabricate,fabricate,1,2,作り上げる / でっち上げる,,The company fabricates parts for aircraft.,ready,,curated_batch22
violate,violate,1,2,違反する / 侵害する,,The company was fined for violating safety rules.,ready,,curated_batch22
allege,allege,1,2,主張する,,The article alleged that the data had been altered.,ready,,curated_batch22
integrate,integrate,1,2,(別々のものを)統合する,,The program helps newcomers integrate into society.,ready,,matched_existing_exact
underestimate,underestimate,1,2,過小評価する,,Do not underestimate the difficulty of the task.,ready,,curated_batch22
escort,escort,1,2,付き添う / 護衛する,,A staff member escorted the guests to the hall.,ready,,curated_batch22
facilitate,facilitate,1,2,促進する / 容易にする,,The new system facilitates communication between teams.,ready,,curated_batch22
initiate,initiate,1,2,始める / 開始する,,The city initiated a recycling campaign.,ready,,curated_batch22
convey,convey,1,2,伝える / 運ぶ,,Her voice conveyed both relief and joy.,ready,,curated_batch22
populate,populate,1,2,住みつく / 満たす,,Many birds populate the island in summer.,ready,,curated_batch22
reinforce,reinforce,1,2,(さらに)強化する,,The coach's words reinforced my confidence.,ready,,matched_existing_exact
attain,attain,1,2,(目標を)達成する,,She worked hard to attain her goal.,ready,,matched_existing_exact
deceive,deceive,1,2,だます,,He tried to deceive the inspectors with false numbers.,ready,,curated_batch22
frustrate,frustrate,1,2,いら立たせる,,Long delays frustrate commuters.,ready,,matched_existing_exact
subsidize,subsidize,1,2,補助金を出す,,The government subsidized the bus service in rural areas.,ready,,curated_batch22
alternate,alternate,1,2,交互の / 交代する,,The team met on alternate Fridays.,ready,,curated_batch22
dedicate,dedicate,1,2,(目的のために)ささげる,,She dedicated the book to her parents.,ready,,matched_existing_exact
endeavor,endeavor,1,2,努力 / 努める,,The project was a joint endeavor by several groups.,ready,,curated_batch22
intrigue,intrigue,1,2,興味をそそる / 陰謀,,The unusual design intrigued many visitors.,ready,,curated_batch22
soar,soar,1,2,急上昇する / 高く舞い上がる,,Prices began to soar after the shortage.,ready,,curated_batch22
tease,tease,1,2,からかう,,Friends sometimes tease each other for fun.,ready,,curated_batch22
confer,confer,1,2,(称号や権利を)授ける,,The two leaders conferred in private.,ready,,matched_existing_exact
forbid,forbid,1,2,(規則で)禁じる,,School rules forbid smoking.,ready,,matched_existing_exact
oblige,oblige,1,2,義務づける / 恩義を感じさせる,,The rules oblige all visitors to sign in.,ready,,curated_batch22
discontent,discontent,1,2,不満,,There was growing discontent among the workers.,ready,,curated_batch22
disposal,disposal,1,2,処分 / 利用自由,,Safe disposal of waste is essential.,ready,,curated_batch22
exile,exile,1,2,追放 / 亡命,,The writer spent many years in exile.,ready,,curated_batch22
foe,foe,1,2,敵,,The hero finally faced his old foe.,ready,,curated_batch22
itinerary,itinerary,1,2,旅程,,The guide handed out a detailed itinerary.,ready,,curated_batch22
persecution,persecution,1,2,迫害,,Many people fled the region to escape persecution.,ready,,curated_batch22
publication,publication,1,2,出版 / 出版物,,The article will appear in a major publication.,ready,,curated_batch22
riddle,riddle,1,2,なぞなぞ / 謎,,The old book begins with a strange riddle.,ready,,curated_batch23
sanitation,sanitation,1,2,衛生設備 / 衛生状態,,Poor sanitation can lead to serious disease.,ready,,curated_batch23
component,component,1,2,構成要素,,Trust is a key component of teamwork.,ready,,matched_existing_exact
quota,quota,1,2,割り当て / ノルマ,,Each team was given a sales quota.,ready,,curated_batch23
cuisine,cuisine,1,2,料理,,The restaurant is known for its local cuisine.,ready,,curated_batch23
detour,detour,1,2,回り道 / 迂回する,,We took a detour because the road was closed.,ready,,curated_batch23
inmate,inmate,1,2,収容者,,The program teaches job skills to inmates.,ready,,curated_batch23
fatigue,fatigue,1,2,疲労,,Long hours of work caused severe fatigue.,ready,,curated_batch23
uproar,uproar,1,2,騒動,,The announcement caused an uproar online.,ready,,curated_batch23
coincidence,coincidence,1,2,偶然の一致,,It was a coincidence that we met there.,ready,,curated_batch23
correspondence,correspondence,1,2,通信 / 一致,,Their correspondence continued for many years.,ready,,curated_batch23
ballot,ballot,1,2,投票用紙 / 投票,,Voters placed their ballot in the box.,ready,,curated_batch23
competence,competence,1,2,能力,,Her competence as a manager was clear.,ready,,curated_batch23
enterprise,enterprise,1,2,企業 / 進取の気性,,She started a small enterprise.,ready,,matched_existing_exact
famine,famine,1,2,飢饉,,The region faced famine after years of drought.,ready,,curated_batch23
leftover,leftover,1,2,残り物,,We used the leftovers for lunch.,ready,,curated_batch23
apprehension,apprehension,1,2,不安 / 逮捕,,She felt apprehension before the interview.,ready,,curated_batch23
dweller,dweller,1,2,居住者,,City dwellers often seek quiet on weekends.,ready,,curated_batch23
geometry,geometry,1,2,幾何学,,Geometry was her favorite subject in school.,ready,,curated_batch23
standby,standby,1,2,待機 / 予備の,,The staff remained on standby overnight.,ready,,curated_batch23
lenient,lenient,1,2,寛大な,,The teacher was lenient with late homework.,ready,,curated_batch23
stubborn,stubborn,1,2,頑固な,,He is too stubborn to change his mind easily.,ready,,curated_batch23
clumsy,clumsy,1,2,不器用な / ぎこちない,,His clumsy apology made things worse.,ready,,curated_batch23
perilous,perilous,1,2,危険な,,The climbers faced a perilous path.,ready,,curated_batch23
adverse,adverse,1,2,不利な / 逆の,,The plan was delayed by adverse weather.,ready,,curated_batch23
persistent,persistent,1,2,粘り強い / 持続する,,A persistent cough kept him awake.,ready,,curated_batch23
outrageous,outrageous,1,2,とんでもない / 法外な,,The store charged an outrageous price.,ready,,curated_batch23
skeptical,skeptical,1,2,懐疑的な,,Many residents were skeptical about the promise.,ready,,curated_batch23
legitimate,legitimate,1,2,(法や道理にかなった)正当な,,The complaint raised legitimate concerns.,ready,,matched_existing_exact
corrupt,corrupt,1,2,腐敗した,,The report exposed corrupt practices in the office.,ready,,curated_batch23
experimental,experimental,1,2,実験的な,,The lab is testing an experimental treatment.,ready,,curated_batch23
improper,improper,1,2,不適切な,,The manager was warned about improper conduct.,ready,,curated_batch23
spontaneous,spontaneous,1,2,自発的な,,The audience gave a spontaneous round of applause.,ready,,curated_batch23
unconditional,unconditional,1,2,無条件の,,The offer came with unconditional support.,ready,,curated_batch23
counterfeit,counterfeit,1,2,偽造の / 偽造品,,The police seized counterfeit bills.,ready,,curated_batch23
inaccurate,inaccurate,1,2,不正確な,,The article contained inaccurate figures.,ready,,curated_batch23
inadequate,inadequate,1,2,不十分な,,The shelter was inadequate for the number of people.,ready,,curated_batch23
inappropriate,inappropriate,1,2,不適切な,,That comment was inappropriate for the meeting.,ready,,curated_batch23
retreat,retreat,1,2,退却する / 退却,,The army was forced to retreat.,ready,,curated_batch23
revolt,revolt,1,2,反乱 / 反抗する,,The harsh policy led to a revolt.,ready,,curated_batch23
deflect,deflect,1,2,そらす / はね返す,,He tried to deflect criticism with a joke.,ready,,curated_batch23
demote,demote,1,2,降格させる,,The company chose not to demote the employee.,ready,,curated_batch23
despise,despise,1,2,軽蔑する,,He came to despise dishonesty in any form.,ready,,curated_batch23
grasp,grasp,1,2,つかむ / 理解する,,It took me a while to grasp the main idea.,ready,,curated_batch24
summon,summon,1,2,呼び出す / 呼び寄せる,,The manager summoned everyone to the meeting room.,ready,,curated_batch24
expel,expel,1,2,追放する / 除名する,,The school decided to expel the student for repeated misconduct.,ready,,curated_batch24
redeem,redeem,1,2,償う / 引き換える,,Customers can redeem the coupon online.,ready,,curated_batch24
comprise,comprise,1,2,成る / 含む,,The committee comprises five members.,ready,,curated_batch24
prevail,prevail,1,2,広まる / 打ち勝つ,,A calm atmosphere prevailed throughout the event.,ready,,curated_batch24
eject,eject,1,2,追い出す / 射出する,,Security officers ejected the man from the stadium.,ready,,curated_batch24
falsify,falsify,1,2,改ざんする / 偽る,,It is illegal to falsify official records.,ready,,curated_batch24
obstruct,obstruct,1,2,妨げる / ふさぐ,,A fallen tree obstructed the road.,ready,,curated_batch24
depict,depict,1,2,描写する,,The painting depicts life in the countryside.,ready,,curated_batch24
tremble,tremble,1,2,震える,,Her hands began to tremble from the cold.,ready,,curated_batch24
confess,confess,1,2,告白する / 自白する,,He finally confessed that he had made the mistake.,ready,,curated_batch24
ache,ache,1,2,痛む / 痛み,,My shoulders ached after the long drive.,ready,,curated_batch24
assert,assert,1,2,主張する,,She asserted that the data were accurate.,ready,,curated_batch24
impose,impose,1,2,(規則や負担を)課す,,The city imposed a water restriction.,ready,,matched_existing_exact
interpret,interpret,1,2,(意味を)解釈する,,People often interpret silence differently.,ready,,matched_existing_exact
devote,devote,1,2,(時間や労力を)ささげる,,She devotes most of her time to research.,ready,,matched_existing_exact
deteriorate,deteriorate,1,2,(状態が)悪化する,,The patient's condition deteriorated overnight.,ready,,matched_existing_exact
contemplate,contemplate,1,2,熟考する / じっと見つめる,,They are contemplating a move to another city.,ready,,curated_batch24
delegate,delegate,1,2,委任する / 代表者,,A good leader knows how to delegate tasks.,ready,,curated_batch24
propel,propel,1,2,推進する / 駆り立てる,,Strong winds propelled the boat forward.,ready,,curated_batch24
recede,recede,1,2,後退する / 薄れる,,The floodwaters began to recede by morning.,ready,,curated_batch24
scrape,scrape,1,2,こする / こすり取る,,He scraped the mud off his shoes.,ready,,curated_batch24
smash,smash,1,2,粉々に壊す / 激突する,,The ball smashed a window.,ready,,curated_batch24
scold,scold,1,2,しかる,,She scolded him for being careless.,ready,,curated_batch24
amuse,amuse,1,2,楽しませる,,The magician amused the children.,ready,,curated_batch24
overhaul,overhaul,1,2,徹底的に見直す / 分解修理する,,The company plans to overhaul its website.,ready,,curated_batch24
herd,herd,1,2,群れ / 追い立てる,,A herd of deer crossed the field at dawn.,ready,,curated_batch24
bait,bait,1,2,えさ / おびき寄せるもの,,The fisherman put fresh bait on the hook.,ready,,curated_batch24
petition,petition,1,2,請願書 / 請願する,,Residents signed a petition against the plan.,ready,,curated_batch24
ransom,ransom,1,2,身代金,,The kidnappers demanded a ransom.,ready,,curated_batch24
fragrance,fragrance,1,2,香り,,The fragrance of fresh flowers filled the room.,ready,,curated_batch24
insight,insight,1,2,洞察 / 見識,,The book offers useful insight.,ready,,matched_existing_exact
conquest,conquest,1,2,征服,,The museum exhibits tools from the age of conquest.,ready,,curated_batch24
sincerity,sincerity,1,2,誠実さ,,Her sincerity won the trust of the team.,ready,,curated_batch24
tariff,tariff,1,2,関税,,The new tariff raised import costs.,ready,,curated_batch24
sanction,sanction,1,2,制裁 / 認可,,The country faced economic sanctions.,ready,,curated_batch24
outcast,outcast,1,2,のけ者,,He felt like an outcast at the new school.,ready,,curated_batch24
destruction,destruction,1,2,破壊,,The earthquake caused widespread destruction.,ready,,curated_batch24
peasant,peasant,1,2,農民,,The book describes the lives of medieval peasants.,ready,,curated_batch24
faculty,faculty,1,2,学部 / 能力 / 教員団,,She joined the science faculty last year.,ready,,curated_batch24
tactics,tactics,1,2,戦術,,The coach changed the team's tactics at halftime.,ready,,curated_batch24
correlation,correlation,1,2,相関関係,,Researchers found a correlation between sleep and mood.,ready,,curated_batch24
availability,availability,1,2,利用可能性 / 入手可能性,,The availability of fresh water is a major concern.,ready,,curated_batch24
prevention,prevention,1,2,予防 / 防止,,Prevention is better than treatment in many cases.,ready,,curated_batch24
reptile,reptile,1,2,は虫類,,The zoo has a house for reptiles.,ready,,curated_batch25
fate,fate,1,2,運命,,No one knew the fate of the missing ship.,ready,,curated_batch25
inclination,inclination,1,2,傾向 / 傾き,,She has an inclination toward science.,ready,,curated_batch25
scorn,scorn,1,2,軽蔑 / 軽蔑する,,He spoke with scorn about the proposal.,ready,,curated_batch25
contempt,contempt,1,2,軽蔑,,She looked at the decision with contempt.,ready,,curated_batch25
tender,tender,1,2,優しい / 柔らかい,,The nurse gave the child a tender smile.,ready,,curated_batch25
peculiar,peculiar,1,2,独特の / 奇妙な,,There was a peculiar smell in the room.,ready,,curated_batch25
vigorous,vigorous,1,2,精力的な / 活発な,,They began a vigorous debate.,ready,,curated_batch25
gloomy,gloomy,1,2,暗い / 憂うつな,,The sky looked gloomy before the rain.,ready,,curated_batch25
medieval,medieval,1,2,中世の,,The town is famous for its medieval castle.,ready,,curated_batch25
subtle,subtle,1,2,微妙な / 巧妙な,,The dish had a subtle flavor.,ready,,curated_batch25
rigid,rigid,1,2,厳格な / 硬い,,The old rules were too rigid for modern life.,ready,,curated_batch25
coarse,coarse,1,2,粗い / 下品な,,The cloth felt coarse against my skin.,ready,,curated_batch25
slack,slack,1,2,緩い / たるんだ,,The rope became slack after the load was removed.,ready,,curated_batch25
trivial,trivial,1,2,ささいな,,We should not waste time on trivial issues.,ready,,curated_batch25
redundant,redundant,1,2,余分な / 冗長な,,Several steps in the process were redundant.,ready,,curated_batch25
premature,premature,1,2,早すぎる / 時期尚早の,,It is premature to celebrate the result now.,ready,,curated_batch25
attentive,attentive,1,2,注意深い / 親切な,,The nurse was attentive to every patient.,ready,,curated_batch25
integral,integral,1,2,不可欠な,,Trust is an integral part of teamwork.,ready,,curated_batch25
prevalent,prevalent,1,2,広く行き渡った / 流行している,,This disease is prevalent in humid regions.,ready,,curated_batch25
unaware,unaware,1,2,気づいていない,,I was unaware of the rule change.,ready,,curated_batch25
worthwhile,worthwhile,1,2,やりがいのある / 価値のある,,The project was difficult but worthwhile.,ready,,curated_batch25
eligible,eligible,1,2,資格がある,,Only members are eligible for the discount.,ready,,curated_batch25
vicious,vicious,1,2,凶暴な / 悪意のある,,The article triggered a vicious argument online.,ready,,curated_batch25
invisible,invisible,1,2,目に見えない,,Most bacteria are invisible to the naked eye.,ready,,curated_batch25
invalid,invalid,1,2,無効な,,The card became invalid after its expiration date.,ready,,curated_batch25
rotten,rotten,1,2,腐った,,The fruit had turned rotten in the heat.,ready,,curated_batch25
plague,plague,1,2,疫病 / 苦しめるもの,,The region was once struck by plague.,ready,,curated_batch25
sponsor,sponsor,1,2,後援者 / 後援する,,A local company agreed to sponsor the event.,ready,,curated_batch25
incorporate,incorporate,1,2,取り入れる / 組み込む,,The design incorporates traditional patterns.,ready,,curated_batch25
sway,sway,1,2,揺れる / 影響を与える,,Tall trees swayed in the wind.,ready,,curated_batch25
renovate,renovate,1,2,改装する,,They plan to renovate the old library.,ready,,curated_batch25
maximize,maximize,1,2,最大にする,,We need to maximize the use of limited space.,ready,,curated_batch25
uncover,uncover,1,2,明らかにする / 見つける,,The investigation uncovered new evidence.,ready,,curated_batch25
mislead,mislead,1,2,誤解させる / 誤った方向へ導く,,The advertisement could mislead consumers.,ready,,curated_batch25
outnumber,outnumber,1,2,数で上回る,,Visitors outnumbered residents during the festival.,ready,,curated_batch25
presume,presume,1,2,推定する / 思い込む,,I presumed that the meeting had been canceled.,ready,,curated_batch25
refine,refine,1,2,洗練する / 精製する,,The team refined the plan after discussion.,ready,,curated_batch25
strive,strive,1,2,努力する,,We strive to provide better service each year.,ready,,curated_batch25
thrill,thrill,1,2,わくわくさせる / 興奮,,The news thrilled the young players.,ready,,curated_batch25
tighten,tighten,1,2,引き締める / 厳しくする,,Please tighten the lid before carrying the bottle.,ready,,curated_batch26
arouse,arouse,1,2,呼び起こす,,The news aroused public interest.,ready,,curated_batch26
buzz,buzz,1,2,ブーンと鳴る / ざわめき,,My phone began to buzz in my pocket.,ready,,curated_batch26
converge,converge,1,2,集中する / 収束する,,The roads converge near the station.,ready,,curated_batch26
deduct,deduct,1,2,差し引く,,Tax will be deducted from the total amount.,ready,,curated_batch26
disconnect,disconnect,1,2,切り離す / 接続を切る,,Please disconnect the cable before moving the machine.,ready,,curated_batch26
gossip,gossip,1,2,うわさ話 / うわさする,,Office gossip spread quickly after the announcement.,ready,,curated_batch26
suck,suck,1,2,吸う,,A pump sucks water from the well.,ready,,curated_batch43
dye,dye,1,2,染める / 染料,,She used a natural dye to color the cloth.,ready,,curated_batch26
trespass,trespass,1,2,不法侵入する,,Visitors must not trespass on private land.,ready,,curated_batch26
graze,graze,1,2,草を食べる / かすめる,,Cows grazed peacefully in the field.,ready,,curated_batch26
entrust,entrust,1,2,任せる,,She entrusted the task to an experienced assistant.,ready,,curated_batch26
peer,peer,1,2,同僚 / じっと見る,,Children learn a lot from their peers.,ready,,curated_batch26
molecule,molecule,1,2,分子,,A water molecule contains hydrogen and oxygen.,ready,,curated_batch26
meantime,meantime,1,2,その間,,"The repairs will take an hour; in the meantime, please wait here.",ready,,curated_batch26
chatter,chatter,1,2,おしゃべり / ぺちゃくちゃ話す,,The room was full of cheerful chatter.,ready,,curated_batch26
methodology,methodology,1,2,方法論,,The researchers explained their methodology clearly.,ready,,curated_batch26
burglar,burglar,1,2,泥棒,,The burglar entered through an open window.,ready,,curated_batch26
canyon,canyon,1,2,峡谷,,They hiked along the edge of the canyon.,ready,,curated_batch26
duration,duration,1,2,継続期間,,The duration of the flight is about two hours.,ready,,curated_batch26
fountain,fountain,1,2,噴水,,Children gathered around the fountain in the square.,ready,,curated_batch26
genius,genius,1,2,天才,,Many people consider him a musical genius.,ready,,curated_batch26
grassland,grassland,1,2,草原,,Large animals live in the open grassland.,ready,,curated_batch26
longevity,longevity,1,2,長寿 / 長続き,,Regular exercise may contribute to longevity.,ready,,curated_batch26
organizer,organizer,1,2,主催者,,The organizers thanked the volunteers after the event.,ready,,curated_batch26
rehearsal,rehearsal,1,2,リハーサル,,The actors gathered for the final rehearsal.,ready,,curated_batch26
sociology,sociology,1,2,社会学,,She studied sociology at university.,ready,,curated_batch26
spectacle,spectacle,1,2,光景 / 見せ物,,The fireworks created a spectacular spectacle over the river.,ready,,curated_batch26
norm,norm,1,2,規範 / 標準,,Remote work is becoming the norm in some industries.,ready,,curated_batch26
certificate,certificate,1,2,証明書,,Please submit a medical certificate with your application.,ready,,curated_batch26
asteroid,asteroid,1,2,小惑星,,Scientists are tracking a large asteroid near Earth.,ready,,curated_batch26
syndrome,syndrome,1,2,症候群,,The doctor explained the symptoms of the syndrome.,ready,,curated_batch26
detention,detention,1,2,拘留 / 居残り,,He received detention for breaking school rules.,ready,,curated_batch26
distress,distress,1,2,苦悩 / 苦しめる,,The news caused great distress to the family.,ready,,curated_batch26
ignition,ignition,1,2,点火,,Turn off the ignition before leaving the car.,ready,,curated_batch26
esteem,esteem,1,2,尊敬 / 尊重する,,She is held in high esteem by her colleagues.,ready,,curated_batch26
hospitality,hospitality,1,2,もてなし / 親切な対応,,We were grateful for their warm hospitality.,ready,,curated_batch26
sane,sane,1,2,正気の / 分別のある,,We need a sane solution to this problem.,ready,,curated_batch26
doubtful,doubtful,1,2,疑わしい / たぶん無理な,,It is doubtful that the train will arrive on time.,ready,,curated_batch26
favorable,favorable,1,2,好意的な / 有利な,,The review was favorable overall.,ready,,curated_batch26
tolerant,tolerant,1,2,寛容な / 我慢強い,,A tolerant attitude helps people work together.,ready,,curated_batch26
ironic,ironic,1,2,皮肉な / 皮肉にも,,It was ironic that he forgot his own advice.,ready,,curated_batch27
rewarding,rewarding,1,2,やりがいのある,,Teaching young children can be very rewarding.,ready,,curated_batch27
abridged,abridged,1,2,要約された / 短縮版の,,I bought an abridged edition of the novel.,ready,,curated_batch27
irresponsible,irresponsible,1,2,無責任な,,It was irresponsible to ignore the warning signs.,ready,,curated_batch27
notorious,notorious,1,2,悪名高い,,The area was once notorious for heavy traffic.,ready,,curated_batch27
recurrent,recurrent,1,2,繰り返し起こる,,He suffers from recurrent headaches.,ready,,curated_batch27
irresistible,irresistible,1,2,抵抗できない / 魅力的な,,The smell of fresh bread was irresistible.,ready,,curated_batch27
binding,binding,1,2,拘束力のある / 製本,,The agreement is legally binding.,ready,,curated_batch27
dejected,dejected,1,2,落胆した,,He looked dejected after the game.,ready,,curated_batch27
fictitious,fictitious,1,2,架空の,,The article used a fictitious name for privacy.,ready,,curated_batch27
gracious,gracious,1,2,優雅な / 丁寧な,,She was gracious to every guest.,ready,,curated_batch27
upcoming,upcoming,1,2,近く予定されている,,Details of the upcoming event will be announced soon.,ready,,curated_batch27
grind,grind,1,2,すりつぶす / きしむ,,They grind coffee beans every morning.,ready,,curated_batch27
archive,archive,1,2,記録保管所 / 保存する,,The museum archives old photographs carefully.,ready,,curated_batch27
devise,devise,1,2,考案する,,The team devised a new way to collect data.,ready,,curated_batch27
precede,precede,1,2,先行する / 先に来る,,A short speech preceded the concert.,ready,,curated_batch27
horrify,horrify,1,2,ぞっとさせる,,The careless remark horrified the audience.,ready,,curated_batch27
lodge,lodge,1,2,宿泊する / 申し立てる,,They lodged a complaint with the company.,ready,,curated_batch27
mediate,mediate,1,2,仲裁する,,A lawyer was asked to mediate the dispute.,ready,,curated_batch27
mingle,mingle,1,2,交わる / 混ざる,,Guests mingled in the hall before dinner.,ready,,curated_batch27
perspire,perspire,1,2,汗をかく,,We began to perspire in the summer heat.,ready,,curated_batch27
concede,concede,1,2,認める / 譲る,,He conceded that her argument was stronger.,ready,,curated_batch27
hinder,hinder,1,2,妨げる,,Heavy snow hindered traffic in the city.,ready,,curated_batch27
waver,waver,1,2,揺らぐ / ためらう,,Her voice did not waver during the speech.,ready,,curated_batch27
formulate,formulate,1,2,明確に述べる / 立案する,,We need to formulate a clear policy.,ready,,curated_batch27
exhale,exhale,1,2,息を吐く,,Take a deep breath and exhale slowly.,ready,,curated_batch27
rebound,rebound,1,2,跳ね返る / 回復する,,Sales began to rebound after the holiday season.,ready,,curated_batch27
gratify,gratify,1,2,満足させる,,It gratified her to see the students succeed.,ready,,curated_batch27
pledge,pledge,1,2,誓約 / 誓う,,The mayor made a pledge to improve safety.,ready,,curated_batch27
fasten,fasten,1,2,固定する / 留める,,Please fasten your seat belt before takeoff.,ready,,curated_batch27
relay,relay,1,2,中継する / 伝える,,Could you relay this message to the team?,ready,,curated_batch27
align,align,1,2,一直線に並べる / 合わせる,,The two reports align on the main point.,ready,,curated_batch27
ascend,ascend,1,2,上昇する / 登る,,We watched the balloon ascend into the sky.,ready,,curated_batch27
gaze,gaze,1,2,見つめる / 視線,,She stood by the window and gazed at the sea.,ready,,curated_batch27
adore,adore,1,2,とても好きである / 崇拝する,,Children adore the playful puppy.,ready,,curated_batch27
chill,chill,1,2,冷やす / 寒気,,Please chill the juice before serving it.,ready,,curated_batch27
curve,curve,1,2,曲線 / カーブする,,The road curves around the hill.,ready,,curated_batch27
deflate,deflate,1,2,しぼませる / 意気消沈させる,,The bad news seemed to deflate the team.,ready,,curated_batch27
detach,detach,1,2,切り離す,,Detach the label carefully from the package.,ready,,curated_batch27
enclose,enclose,1,2,同封する / 囲む,,We enclosed a copy of the receipt with the letter.,ready,,curated_batch27
fetch,fetch,1,2,取って来る,,Could you fetch the file from the next room?,ready,,curated_batch28
proclaim,proclaim,1,2,宣言する,,The government proclaimed a day of mourning.,ready,,curated_batch28
forge,forge,1,2,築く / 偽造する,,The two companies forged a close partnership.,ready,,curated_batch28
outburst,outburst,1,2,爆発的な発言 / 噴出,,His angry outburst surprised everyone.,ready,,curated_batch28
dimension,dimension,1,2,側面 / 次元,,The problem has a social dimension.,ready,,matched_existing_exact
swarm,swarm,1,2,群れ / 群がる,,A swarm of bees gathered near the tree.,ready,,curated_batch28
sequel,sequel,1,2,続編,,The author is already working on a sequel.,ready,,curated_batch28
artifact,artifact,1,2,工芸品 / 遺物,,The museum displayed ancient artifacts from the region.,ready,,curated_batch28
mercy,mercy,1,2,慈悲,,The judge showed mercy in the final decision.,ready,,curated_batch28
successor,successor,1,2,後継者,,The company named her as the successor to the president.,ready,,curated_batch28
triumph,triumph,1,2,勝利 / 勝利する,,Their hard work ended in triumph.,ready,,curated_batch28
clause,clause,1,2,条項 / 節,,Please read the final clause of the contract carefully.,ready,,curated_batch28
analogy,analogy,1,2,類推 / 類似,,The teacher used an analogy to explain the idea.,ready,,curated_batch28
downfall,downfall,1,2,没落,,His pride led to his downfall.,ready,,curated_batch28
fusion,fusion,1,2,融合,,The menu is known for its fusion of local and foreign flavors.,ready,,curated_batch28
fracture,fracture,1,2,骨折 / ひび,,The scan revealed a small fracture in his arm.,ready,,curated_batch28
menace,menace,1,2,脅威,,Plastic waste is a growing menace to marine life.,ready,,curated_batch28
setback,setback,1,2,後退 / 挫折,,The project suffered a minor setback last week.,ready,,curated_batch28
empathy,empathy,1,2,共感,,Good teachers show empathy toward their students.,ready,,curated_batch28
tumble,tumble,1,2,転がり落ちる / 倒れる,,Boxes began to tumble from the shelf.,ready,,curated_batch28
diameter,diameter,1,2,直径,,The table measures one meter in diameter.,ready,,curated_batch28
momentum,momentum,1,2,勢い / 運動量,,The campaign gained momentum in the final week.,ready,,curated_batch28
pharmacy,pharmacy,1,2,薬局,,There is a pharmacy next to the clinic.,ready,,curated_batch28
glacier,glacier,1,2,氷河,,The glacier has been shrinking for decades.,ready,,curated_batch28
misery,misery,1,2,悲惨さ / 苦しみ,,The storm caused misery across the region.,ready,,curated_batch28
ambassador,ambassador,1,2,大使,,The ambassador attended the ceremony.,ready,,curated_batch28
autopsy,autopsy,1,2,検死 / 解剖,,The doctor performed an autopsy to find the cause of death.,ready,,curated_batch43
courtesy,courtesy,1,2,礼儀 / 厚意,,"As a courtesy, he opened the door for her.",ready,,curated_batch28
discourse,discourse,1,2,論説 / 談話,,Public discourse on the issue has changed.,ready,,curated_batch28
horizontal,horizontal,1,2,水平の,,Draw a horizontal line across the page.,ready,,curated_batch28
indefinite,indefinite,1,2,不明確な / 無期限の,,The trip was delayed for an indefinite period.,ready,,curated_batch28
vulgar,vulgar,1,2,下品な,,His vulgar joke made everyone uncomfortable.,ready,,curated_batch28
resilient,resilient,1,2,回復力のある / 弾力のある,,Children are often more resilient than adults expect.,ready,,curated_batch28
aquatic,aquatic,1,2,水生の,,The lake is home to many aquatic plants.,ready,,curated_batch28
insistent,insistent,1,2,しつこい / 強く主張する,,He was insistent that we leave at once.,ready,,curated_batch28
frantic,frantic,1,2,必死の / 取り乱した,,They made a frantic search for the missing key.,ready,,curated_batch28
deceptive,deceptive,1,2,人を惑わす / 見かけによらない,,The calm sea can be deceptive in winter.,ready,,curated_batch28
illogical,illogical,1,2,非論理的な,,His conclusion seemed illogical to the audience.,ready,,curated_batch28
elaborate,elaborate,1,2,(細部まで)入念な / 精巧な,,Could you elaborate on your proposal?,ready,,matched_existing_exact
mellow,mellow,1,2,円熟した / 柔らかい,,The cheese has a mellow flavor.,ready,,curated_batch28
boundless,boundless,1,2,果てしない,,The child showed boundless curiosity.,ready,,curated_batch28
cordial,cordial,1,2,心からの / 親切な,,They maintained a cordial relationship.,ready,,curated_batch28
seasonal,seasonal,1,2,季節の / 季節的な,,The shop sells seasonal fruit.,ready,,curated_batch28
cumulative,cumulative,1,2,累積する / 累積的な,,The cumulative effect of small changes was significant.,ready,,curated_batch29
savage,savage,1,2,激しい / 残酷な,,The town was hit by a savage storm.,ready,,curated_batch29
admirable,admirable,1,2,立派な / 賞賛に値する,,Her patience was truly admirable.,ready,,curated_batch29
informative,informative,1,2,有益な / 情報に富む,,The lecture was short but informative.,ready,,curated_batch29
proportional,proportional,1,2,比例した / 釣り合った,,The payment is proportional to the amount of work.,ready,,curated_batch29
simultaneous,simultaneous,1,2,同時の,,The two events happened almost simultaneously.,ready,,curated_batch29
uneasy,uneasy,1,2,不安な / 落ち着かない,,I felt uneasy about the sudden silence.,ready,,curated_batch29
unequal,unequal,1,2,不平等な / 等しくない,,The two sides entered the debate under unequal conditions.,ready,,curated_batch29
autonomous,autonomous,1,2,(外部に頼らず)自律した,,The rover can operate in an autonomous mode.,ready,,matched_existing_exact
pessimistic,pessimistic,1,2,悲観的な,,He is pessimistic about the short-term outlook.,ready,,curated_batch29
repetitive,repetitive,1,2,繰り返しの多い,,The task is simple but repetitive.,ready,,curated_batch29
respiratory,respiratory,1,2,呼吸器の,,Air pollution can cause respiratory problems.,ready,,curated_batch29
coherent,coherent,1,2,一貫した / 筋の通った,,She gave a coherent explanation of the plan.,ready,,curated_batch29
account for ～,account for,2,1,(理由を)説明する / (割合を)占める,,Can you account for this mistake?,ready,placeholder_tilde,matched_existing_comparable
accuse A of B,accuse A of B,2,1,AをBのことで非難する,,They accused the company of hiding important data.,ready,,relevel_batch42
act on ～,act on,2,1,に基づいて行動する,,We should act on the doctor's advice immediately.,ready,,relevel_batch42
act out ～,act out,2,1,演じる / 表に出す,,The students acted out the scene on stage.,ready,,relevel_batch42
add up to ～,add up to,2,1,合計でになる / 意味をなす,,The small expenses add up to a large amount.,ready,,relevel_batch42
adhere to ～,adhere to,2,1,(規則や方針に)従う,,All members are expected to adhere to the guidelines.,ready,placeholder_tilde,matched_existing_comparable
air out ～,air out,2,1,風を通す / 外気にさらす,,She opened the windows to air out the room.,ready,,relevel_batch42
all but,all but,2,1,ほとんど,,The old bridge was all but destroyed in the storm.,ready,,relevel_batch42
allow for ～,allow for,2,1,(起こりうることを)見込んで考慮する / 余地を見ておく,,The schedule should allow for unexpected delays.,ready,placeholder_tilde,matched_existing_comparable
answer for ～,answer for,2,1,の責任を負う,,The manager must answer for the mistake.,ready,,relevel_batch42
aspire to do,aspire to do,2,1,することを熱望する,,Many students aspire to study abroad someday.,ready,,relevel_batch42
attribute A to B,attribute A to B,2,1,AをBのせいだと考える,,Researchers attributed the change to warmer weather.,ready,,relevel_batch42
back down,back down,2,1,譲歩する / 引き下がる,,He refused to back down during the debate.,ready,,relevel_batch42
back off,back off,2,1,手を引く / 距離を置く,,The company backed off from the risky proposal.,ready,,relevel_batch42
back up ～,back up,2,1,支援する / 裏付ける / バックアップする,,The data back up her conclusion.,ready,,relevel_batch42
bank on ～,bank on,2,1,を当てにする,,You can bank on her to finish the work on time.,ready,,relevel_batch42
be committed to ～,be committed to,2,1,に尽力している / 専念している,,The team is committed to improving safety.,ready,,relevel_batch42
be destined to do,be destined to do,2,1,する運命にある,,She seemed destined to become a great musician.,ready,,relevel_batch42
（be） free of ～,be free of,2,1,がない / を免れている,,The water is free of harmful chemicals.,ready,,relevel_batch42
be obsessed with ～,be obsessed with,2,1,に取りつかれている,,He is obsessed with collecting rare books.,ready,,relevel_batch42
be subject to ～,be subject to,2,1,を受けやすい / に従う,,Prices are subject to change without notice.,ready,,relevel_batch42
blast off,blast off,2,1,発射する / 離陸する,,The rocket blasted off right on schedule.,ready,,relevel_batch42
blow up,blow up,2,1,爆発する / 爆破する,,A small gas tank blew up in the accident.,ready,,curated_batch43
bounce back,bounce back,2,1,立ち直る / 回復する,,The team bounced back after the early loss.,ready,,relevel_batch42
branch off,branch off,2,1,分岐する,,A narrow path branches off to the left.,ready,,relevel_batch42
break away from ～,break away from,2,1,から離脱する,,The runner broke away from the group near the end.,ready,,relevel_batch42
break off ～,break off,2,1,打ち切る / 折って取る,,They decided to break off the negotiations.,ready,,relevel_batch42
bring about ～,bring about,2,1,(変化を)引き起こす,,The new law brought about significant change.,ready,placeholder_tilde,matched_existing_comparable
bring down ～,bring down,2,1,下げる / 打ち倒す,,The company hopes to bring down costs this year.,ready,,relevel_batch42
bring off ～,bring off,2,1,成し遂げる,,They brought off a difficult project successfully.,ready,,relevel_batch42
bring on ～,bring on,2,1,引き起こす / もたらす,,Stress can bring on headaches.,ready,,relevel_batch42
bring out ～,bring out,2,1,引き出す / 発売する,,Good teachers bring out the best in students.,ready,,relevel_batch42
bump into ～,bump into,2,1,に偶然出会う,,I bumped into an old friend at the station.,ready,,relevel_batch42
burn out ～,burn out,2,1,燃え尽きる / 焼き尽くす,,"If you work without rest, you may burn out quickly.",ready,,relevel_batch42
by means of ～,by means of,2,1,(手段として)〜によって,,The door opens by means of a sensor.,ready,placeholder_tilde,matched_existing_comparable
carry away ～,carry away,2,1,運び去る / 夢中にさせる,,Do not let excitement carry you away.,ready,,relevel_batch42
carry through ～,carry through,2,1,やり遂げる,,She carried through the plan despite the pressure.,ready,,relevel_batch42
catch up on ～,catch up on,2,1,遅れを取り戻す / まとめてこなす,,I used the weekend to catch up on my reading.,ready,,relevel_batch42
check off ～,check off,2,1,チェックして消す,,Please check off each item on the list.,ready,,relevel_batch42
chip in,chip in,2,1,お金を出し合う / 手伝う,,Everyone chipped in to buy a gift for the coach.,ready,,relevel_batch42
clean out ～,clean out,2,1,一掃する / きれいに片づける,,We cleaned out the storage room yesterday.,ready,,relevel_batch42
clear out ～,clear out,2,1,片づける / 立ち去る,,Please clear out your desk before leaving.,ready,,relevel_batch42
clear up （～）,clear up,2,1,解決する / 晴れる,,We need to clear up this misunderstanding.,ready,,relevel_batch42
close in （on ～）,close in on,2,1,に迫る,,The police were closing in on the suspect.,ready,,relevel_batch42
come after ～,come after,2,1,の後に来る / 追いかける,,The dessert comes after the main course.,ready,,relevel_batch42
come before ～,come before,2,1,の前に来る / 優先される,,Safety must come before profit.,ready,,relevel_batch42
come down to ～,come down to,2,1,要するにになる,,The final choice comes down to cost.,ready,,relevel_batch42
come down with ～,come down with,2,1,にかかる,,He came down with the flu last week.,ready,,relevel_batch42
come off,come off,2,1,うまくいく,,The event came off better than expected.,ready,,curated_batch43
come through,come through,2,1,切り抜ける / 期待に応える,,She came through for us when we needed help most.,ready,,relevel_batch42
comply with ～,comply with,2,1,(要求や規則に)従う,,All drivers must comply with the law.,ready,placeholder_tilde,matched_existing_comparable
contribute to ～,contribute to,2,1,(発展や原因として)貢献する,,Regular exercise contributes to good health.,ready,placeholder_tilde,matched_existing_comparable
count for ～,count for,2,1,価値がある / 重要である,,Experience counts for a lot in this job.,ready,,relevel_batch42
cover for ～,cover for,2,1,の代わりをする / かばう,,Can you cover for me tomorrow morning?,ready,,relevel_batch42
cover up ～,cover up,2,1,覆い隠す / 隠ぺいする,,They tried to cover up the mistake.,ready,,relevel_batch42
crack up,crack up,2,1,大笑いする,,His joke made everyone crack up.,ready,,curated_batch43
cross out ～,cross out,2,1,線を引いて消す,,Cross out the wrong answer with a pen.,ready,,relevel_batch42
cut back （on ～）,cut back on,2,1,(支出や量を)減らす,,Many families are cutting back on eating out.,ready,placeholder_tilde|optional_brackets,matched_existing_comparable
cut in （on ～）,cut in on,2,1,に割り込む / を妨げる,,I did not mean to cut in on your conversation.,ready,,relevel_batch42
deal in ～,deal in,2,1,を商う / 扱う,,The shop deals in rare books and maps.,ready,,relevel_batch42
deprive A of B,deprive A of B,2,1,AからBを奪う,,The noise deprived us of sleep.,ready,,relevel_batch42
die down,die down,2,1,弱まる / 静まる,,The wind died down by evening.,ready,,relevel_batch42
dispose of ～,dispose of,2,1,処分する,,We must dispose of the waste safely.,ready,,relevel_batch42
do away with ～,do away with,2,1,(制度などを)廃止する,,The school did away with the old rule.,ready,placeholder_tilde,matched_existing_comparable
drag on,drag on,2,1,長引く,,The meeting dragged on for hours.,ready,,relevel_batch42
drag out ～,drag out,2,1,長引かせる / 引きずり出す,,Do not drag out the meeting unnecessarily.,ready,,relevel_batch42
draw on ～,draw on,2,1,を利用する / 近づく,,She drew on her experience to solve the problem.,ready,,relevel_batch42
draw up ～,draw up,2,1,作成する / 停車する,,They drew up a list of priorities.,ready,,relevel_batch42
dream up ～,dream up,2,1,思いつく / 考え出す,,Who dreamed up this clever idea?,ready,,relevel_batch42
drive off ［away］ ～,drive off,2,1,追い払う / 車で去る,,The guards drove off the intruders.,ready,,relevel_batch42
drive up ～,drive up,2,1,押し上げる / 車で乗りつける,,High demand drove up prices.,ready,,relevel_batch42
drop back （to ～）,drop back,2,1,後ろに下がる,,He dropped back to let others pass.,ready,,relevel_batch42
ease into ～,ease into,2,1,徐々に慣れる / ゆっくり入る,,She eased into her new role over several weeks.,ready,,relevel_batch42
eat up ～,eat up,2,1,食べ尽くす / 使い果たす,,The delay ate up most of our time.,ready,,relevel_batch42
embark on ［upon］ ～,embark on,2,1,に乗り出す / 着手する,,They embarked on a major reform plan.,ready,,relevel_batch42
endear A to B,endear A to B,2,1,AにBの好意を抱かせる,,Her honesty endeared her to the staff.,ready,,relevel_batch42
even up ～,even up,2,1,平均させる / 清算する,,We can even up the bill later.,ready,,relevel_batch42
face off,face off,2,1,対決する,,The two finalists will face off tomorrow.,ready,,relevel_batch42
fall away,fall away,2,1,減少する / 衰える,,Public interest soon fell away.,ready,,relevel_batch42
fall back on ～,fall back on,2,1,に頼る,,"When plans failed, they fell back on their savings.",ready,,relevel_batch42
fall on ～,fall on,2,1,に降りかかる / 襲いかかる,,The duty fell on the youngest member.,ready,,relevel_batch42
fall under ～,fall under,2,1,の対象となる / に分類される,,This case falls under a different rule.,ready,,relevel_batch42
feel for ～,feel for,2,1,に同情する / 手探りで探す,,I really feel for those affected by the flood.,ready,,relevel_batch42
fire up ～,fire up,2,1,始動させる / 熱意をかき立てる,,The speech fired up the crowd.,ready,,relevel_batch42
fit into ～,fit into,2,1,に収まる / にうまくなじむ,,She found it easy to fit into the new team.,ready,,relevel_batch42
fix up ～,fix up,2,1,修理する / 手配する,,They fixed up the old house last summer.,ready,,relevel_batch42
for all ～,for all,2,1,にもかかわらず,,"For all his experience, he still makes simple mistakes.",ready,,relevel_batch42
for the time being,for the time being,2,1,当分の間,,"For the time being, the office will stay closed.",ready,,relevel_batch42
force down ～,force down,2,1,無理に飲み込む / 抑え込む,,He forced down the medicine with water.,ready,,relevel_batch42
free up ～,free up,2,1,空ける / 自由にする,,The new system freed up staff time.,ready,,relevel_batch42
frown on ［upon］ ～,frown on,2,1,を好ましく思わない,,Many teachers frown on the use of phones in class.,ready,,relevel_batch42
gear up ～,gear up,2,1,準備を進める,,The city is gearing up for the festival.,ready,,relevel_batch42
get around （～）,get around,2,1,歩き回る / 広まる / うまく避ける,,News of the decision soon got around.,ready,,relevel_batch42
get around to doing,get around to doing,2,1,やっとする,,I finally got around to cleaning the garage.,ready,,relevel_batch42
get away with ～,get away with,2,1,をして罰を受けずに済む,,He thought he could get away with lying.,ready,,relevel_batch42
get down to ～,get down to,2,1,本気で取りかかる,,It is time to get down to work.,ready,,relevel_batch42
get in on ～,get in on,2,1,に加わる / 参加する,,Everyone wanted to get in on the new project.,ready,,relevel_batch42
get into ～,get into,2,1,に入る / 夢中になる,,She got into classical music in college.,ready,,relevel_batch42
get on with ～,get on with,2,1,を続ける / と仲良くする,,We should get on with the meeting now.,ready,,relevel_batch42
give A over to B,give A over to B,2,1,AをBに引き渡す,,The police gave the suspect over to the authorities.,ready,,relevel_batch42
give rise to ～,give rise to,2,1,(問題や変化を)生じさせる,,The error gave rise to confusion.,ready,placeholder_tilde,matched_existing_comparable
go back on ～,go back on,2,1,を破る / を取り消す,,He never goes back on his promises.,ready,,relevel_batch42
go for ～,go for,2,1,を選ぶ / を目指す,,I decided to go for the cheaper option.,ready,,relevel_batch42
grow into ～,grow into,2,1,に成長する / が着られるようになる,,She grew into a confident leader.,ready,,relevel_batch42
grow on ～,grow on,2,1,だんだん気に入られる,,The song grew on me after a few listens.,ready,,relevel_batch42
grow out of ～,grow out of,2,1,から脱する / が小さくなって着られなくなる,,Most children grow out of that fear.,ready,,relevel_batch42
hand down ～,hand down,2,1,伝える / 言い渡す,,These customs were handed down for generations.,ready,,relevel_batch42
hand off ～,hand off,2,1,手渡す / 引き継ぐ,,She handed off the task to the next team.,ready,,relevel_batch42
hand out A （to B）,hand out A to B,2,1,AをBに配る,,Volunteers handed out water to the runners.,ready,,relevel_batch42
head off （～）,head off,2,1,防ぐ / 出発する,,The new measures may head off future problems.,ready,,relevel_batch42
hold off ～,hold off,2,1,延期する / 近づかせない,,Let's hold off the decision until tomorrow.,ready,,relevel_batch42
hold out （～）,hold out,2,1,持ちこたえる / 差し出す,,Their supplies may not hold out much longer.,ready,,relevel_batch42
hold over ～,hold over,2,1,持ち越す,,The issue was held over until next week.,ready,,relevel_batch42
in response to ～,in response to,2,1,(要請などに)応じて,,The city acted in response to complaints.,ready,placeholder_tilde,matched_existing_comparable
in the event of ～,in the event of,2,1,の場合には,,"In the event of fire, use the stairs.",ready,,relevel_batch42
jump at ～,jump at,2,1,に飛びつく / すぐ受け入れる,,She jumped at the chance to travel abroad.,ready,,relevel_batch42
kick around ～,kick around,2,1,あれこれ考える / 粗末に扱う,,We kicked around a few ideas after lunch.,ready,,relevel_batch42
kick in,kick in,2,1,効き始める / 発動する,,The heating system kicked in after sunset.,ready,,relevel_batch42
kick off A （with B）,kick off A with B,2,1,BでAを始める,,They kicked off the meeting with a short video.,ready,,relevel_batch42
kick A out （of B）,kick A out of B,2,1,AをBから追い出す,,The referee kicked the player out of the game.,ready,,relevel_batch42
knock down ～,knock down,2,1,倒す / 取り壊す,,The old building was knocked down last month.,ready,,relevel_batch42
lay into ～,lay into,2,1,を激しく非難する,,The critic laid into the policy in the article.,ready,,relevel_batch42
lay off ～,lay off,2,1,一時解雇する / やめる,,The company had to lay off several workers.,ready,,relevel_batch42
leave off （～）,leave off,2,1,やめる / 中断する,,Let's leave off here and continue tomorrow.,ready,,relevel_batch42
let alone ～,let alone,2,1,はもちろん,,"He cannot afford a car, let alone a house.",ready,,relevel_batch42
let down ～,let down,2,1,失望させる / 下ろす,,I do not want to let my teammates down.,ready,,relevel_batch42
let out ～,let out,2,1,放つ / 漏らす / 外に出す,,She let out a deep sigh.,ready,,relevel_batch42
let up,let up,2,1,弱まる / やむ,,The rain did not let up all afternoon.,ready,,relevel_batch42
level off ［out］,level off,2,1,横ばいになる / 平らになる,,Sales began to level off in spring.,ready,,relevel_batch42
lift off,lift off,2,1,離陸する,,The helicopter lifted off smoothly.,ready,,relevel_batch42
live up to ～,live up to,2,1,にかなう / に応える,,The film lived up to our expectations.,ready,,relevel_batch42
lock in ～,lock in,2,1,固定する / 閉じ込める,,We locked in the price before demand increased.,ready,,relevel_batch42
make （both） ends meet,make ends meet,2,1,収支を合わせる,,It was hard for the family to make ends meet.,ready,,relevel_batch42
make do with ～,make do with,2,1,で間に合わせる,,We had to make do with limited supplies.,ready,,relevel_batch42
make over ～,make over,2,1,作り変える / 譲渡する,,They made over the office into a studio.,ready,,relevel_batch42
mark down ～,mark down,2,1,値下げする / 書き留める,,The store marked down winter coats.,ready,,relevel_batch42
mark out ～,mark out,2,1,印をつける / 区切る,,Workers marked out the area for construction.,ready,,relevel_batch42
miss out on ～,miss out on,2,1,を逃す,,I do not want to miss out on this chance.,ready,,relevel_batch42
narrow down ～,narrow down,2,1,絞り込む,,We narrowed down the list to three candidates.,ready,,relevel_batch42
on a ～ basis,on a basis,2,1,ベースで / 基準で,,The staff are paid on a weekly basis.,ready,,relevel_batch42
on ［（米） in］ behalf of A,on behalf of A,2,1,Aを代表して,,She accepted the award on behalf of the team.,ready,,relevel_batch42
on the verge of ～,on the verge of,2,1,〜しそうで / 〜の瀬戸際で,,The team was on the verge of winning.,ready,placeholder_tilde,matched_existing_comparable
over the hump,over the hump,2,1,山場を越えて,,We are over the hump and should finish soon.,ready,,relevel_batch42
pass for ～,pass for,2,1,と見なされる,,That excuse will not pass for a good reason.,ready,,relevel_batch42
pass off A （as B）,pass A off as B,2,1,AをBとして通す,,He tried to pass the fake painting off as an original.,ready,,relevel_batch42
pass A on （to B）,pass A on to B,2,1,AをBに渡す / 伝える,,Please pass this message on to the manager.,ready,,relevel_batch42
phase out ～,phase out,2,1,段階的に廃止する,,The company plans to phase out the old system.,ready,,relevel_batch42
pick over ～,pick over,2,1,細かく調べる / 選り分ける,,They picked over the evidence carefully.,ready,,relevel_batch42
pick through ～,pick through,2,1,選り分ける / 注意深く調べる,,She picked through the papers for the right form.,ready,,relevel_batch42
pin down ～,pin down,2,1,突き止める / 明確にする,,We need to pin down the exact cause.,ready,,relevel_batch42
play down ～,play down,2,1,軽く見る / 軽視する,,Officials tried to play down the problem.,ready,,relevel_batch42
play out （～）,play out,2,1,展開する / 最後まで続く,,We watched the drama play out on stage.,ready,,relevel_batch42
play up ～,play up,2,1,強調する / 調子が悪くなる,,The article played up the risks too much.,ready,,relevel_batch42
pull back （～）,pull back,2,1,撤退する / 引っ込める,,The company pulled back from the market.,ready,,relevel_batch42
pull in ～,pull in,2,1,引き込む / 稼ぐ / 到着する,,The campaign pulled in many new supporters.,ready,,relevel_batch42
pull off ～,pull off,2,1,やってのける / 引き離す,,They pulled off a surprising victory.,ready,,relevel_batch42
pull through ～,pull through,2,1,回復する / 切り抜ける,,She pulled through after the operation.,ready,,relevel_batch42
push for ～,push for,2,2,を強く求める,,The group is pushing for stricter rules.,ready,,relevel_batch42
push through ～,push through,2,2,押し通す / やり抜く,,They pushed through the final stage of the project.,ready,,relevel_batch42
put down ～,put down,2,2,書き留める / けなす / 置く,,She put down her thoughts in a notebook.,ready,,relevel_batch42
put forth ～,put forth,2,2,出す / 提案する,,The committee put forth a new proposal.,ready,,relevel_batch42
put forward ～,put forward,2,2,提案する / 前に出す,,She put forward an interesting idea.,ready,,relevel_batch42
put in ～,put in,2,2,差し込む / 費やす / 申請する,,They put in a lot of effort to finish on time.,ready,,relevel_batch42
put A through （to B）,put A through to B,2,2,AをBにつなぐ,,Could you put me through to the sales department?,ready,,relevel_batch42
read off ～,read off,2,2,読み上げる,,The teacher read off the names one by one.,ready,,relevel_batch42
refrain from doing,refrain from doing,2,2,するのを控える,,Please refrain from using your phone during the performance.,ready,,relevel_batch42
roll in （～）,roll in,2,2,どっと入ってくる / 転がり込む,,Orders began to roll in after the ad campaign.,ready,,relevel_batch42
roll up ～,roll up,2,2,巻き上げる / 到着する,,He rolled up his sleeves and got to work.,ready,,relevel_batch42
round off ～,round off,2,2,締めくくる / 丸める,,They rounded off the evening with a song.,ready,,relevel_batch42
round up ～,round up,2,2,集める / 端数を切り上げる,,We need to round up all the participants.,ready,,relevel_batch42
run against ～,run against,2,2,に反する / に立候補して争う,,The proposal runs against our policy.,ready,,relevel_batch42
run down ～,run down,2,2,要約して話す / 衰えさせる,,Could you run down the main points for me?,ready,,relevel_batch42
run through ～,run through,2,2,ざっと見直す / 通り抜ける,,Let's run through the checklist once more.,ready,,relevel_batch42
scoop up ～,scoop up,2,2,すくい上げる / 一気に買い集める,,She scooped up the spilled rice with a spoon.,ready,,relevel_batch42
scratch out ～,scratch out,2,2,かき消す / かろうじて得る,,He scratched out the wrong word and rewrote it.,ready,,relevel_batch42
see about ～,see about,2,2,に対処する / を手配する,,I will see about booking the tickets.,ready,,relevel_batch42
see A off,see A off,2,2,Aを見送る,,We went to the station to see her off.,ready,,relevel_batch42
see through ～,see through,2,2,見抜く / 最後までやり通す,,She saw through his excuse at once.,ready,,relevel_batch42
send for ～,send for,2,2,を呼びにやる / 取り寄せる,,The doctor was sent for immediately.,ready,,relevel_batch42
send out for ～,send out for,2,2,を出前で取る,,We sent out for pizza after work.,ready,,relevel_batch42
set down ～,set down,2,2,書き留める / 置く,,She set down her ideas in a notebook.,ready,,relevel_batch42
set in,set in,2,2,始まる / 定着する,,Winter has begun to set in early this year.,ready,,relevel_batch42
set off （～）,set off,2,2,出発する / 引き起こす,,They set off early in the morning.,ready,,relevel_batch42
set out to do,set out to do,2,2,するつもりで始める,,They set out to build a better service.,ready,,relevel_batch42
settle up （with ～）,settle up,2,2,勘定を済ませる,,We settled up before leaving the hotel.,ready,,relevel_batch42
shake up ～,shake up,2,2,大きく変える / 動揺させる,,The company shook up its management team.,ready,,relevel_batch42
single out ～,single out,2,2,を選び出す / 取り上げる,,The coach singled out her effort for praise.,ready,,relevel_batch42
sit by,sit by,2,2,傍観する,,We cannot just sit by and do nothing.,ready,,relevel_batch42
skim over ～,skim over,2,2,ざっと目を通す,,I skimmed over the report before the meeting.,ready,,relevel_batch42
slip by,slip by,2,2,いつの間にか過ぎる,,The summer vacation slipped by quickly.,ready,,relevel_batch42
smooth over ～,smooth over,2,2,を丸く収める,,She tried to smooth over the disagreement.,ready,,relevel_batch42
spring from ～,spring from,2,2,から生じる,,Many problems spring from poor communication.,ready,,relevel_batch42
spring up,spring up,2,2,突然現れる,,New cafes have sprung up around the station.,ready,,relevel_batch42
stand down （as ～）,stand down,2,2,退く / 辞任する,,The chairperson agreed to stand down next month.,ready,,relevel_batch42
stand up to ～,stand up to,2,2,に立ち向かう / に耐える,,She stood up to unfair criticism.,ready,,relevel_batch42
stay off ～,stay off,2,2,に近づかない / を避ける,,You should stay off that wet floor.,ready,,relevel_batch42
step down ［aside］,step down,2,2,辞任する / 身を引く,,The director stepped down after ten years.,ready,,relevel_batch42
stick to ［by］ ～,stick to,2,2,を守る / に固執する,,Please stick to the schedule.,ready,,relevel_batch42
stick up for ～,stick up for,2,2,をかばう / 擁護する,,He always sticks up for his friends.,ready,,relevel_batch42
stir in ～,stir in,2,2,をかき混ぜて入れる,,Stir in the sugar slowly.,ready,,relevel_batch42
stir up ～,stir up,2,2,かき立てる / かき混ぜる,,The speech stirred up strong emotions.,ready,,relevel_batch42
talk down to A,talk down to A,2,2,Aを見下した話し方をする,,You should not talk down to your students.,ready,,relevel_batch42
talk A into doing,talk A into doing,2,2,Aを説得してさせる,,She talked him into joining the trip.,ready,,relevel_batch42
talk up ～,talk up,2,2,を盛んにほめる / 宣伝する,,The media talked up the new product.,ready,,relevel_batch42
tell on ～,tell on,2,2,に告げ口する / に悪影響を及ぼす,,The long hours are starting to tell on him.,ready,,relevel_batch42
the other way around,the other way around,2,2,逆に,,"I thought he was the teacher, but it was the other way around.",ready,,relevel_batch42
throw off ～,throw off,2,2,振り払う / 取り除く,,She tried to throw off her anxiety.,ready,,relevel_batch42
throw up （～）,throw up,2,2,吐く / 急に生じる,,The project threw up several unexpected problems.,ready,,relevel_batch42
tidy up ～,tidy up,2,2,片づける,,Please tidy up the room before dinner.,ready,,relevel_batch42
tie up ～,tie up,2,2,縛る / 時間を取る / 提携する,,The meeting tied up the staff for most of the day.,ready,,relevel_batch42
tip over （～）,tip over,2,2,ひっくり返る / ひっくり返す,,The vase tipped over in the wind.,ready,,relevel_batch42
touch up ～,touch up,2,2,手直しする / 修整する,,She touched up the photo before printing it.,ready,,relevel_batch42
track down ～,track down,2,2,追跡して見つける,,The reporter tracked down the original source.,ready,,relevel_batch42
trip up （A）,trip up,2,2,つまずかせる / 失敗させる,,A small detail tripped up the team.,ready,,relevel_batch42
tune in （to ～）,tune in to,2,2,にチャンネルを合わせる / 注意を向ける,,Many listeners tuned in to the live broadcast.,ready,,relevel_batch42
tune up （～）,tune up,2,2,調整する,,He tuned up the engine before the trip.,ready,,relevel_batch42
turn around （～）,turn around,2,2,好転させる / 振り向く,,The new manager turned the business around.,ready,,relevel_batch42
turn away ～,turn away,2,2,追い返す / 顔をそむける,,The shelter could not turn away anyone in need.,ready,,relevel_batch42
turn in （～）,turn in,2,2,提出する / 寝る / 引き渡す,,Please turn in your report by Friday.,ready,,relevel_batch42
walk off ［away］ with ～,walk off with,2,2,を持ち去る / を楽々手に入れる,,Someone walked off with my umbrella.,ready,,relevel_batch42
wander off,wander off,2,2,ふらりと離れる,,The child wandered off from the group.,ready,,relevel_batch42
want for ～,want for,2,2,を欠く,,The town never wanted for fresh water.,ready,,relevel_batch42
wash away ～,wash away,2,2,洗い流す / 消し去る,,The heavy rain washed away the footprints.,ready,,curated_batch41
wash down ～,wash down,2,2,水などで飲み下す,,She washed the pills down with a glass of water.,ready,,curated_batch41
watch over ～,watch over,2,2,見守る / 世話をする,,An older nurse watched over the children.,ready,,curated_batch41
weigh on ～,weigh on,2,2,重くのしかかる / 心を悩ませる,,The uncertainty weighed on everyone in the office.,ready,,curated_batch41
win over ～,win over,2,2,味方に引き入れる / 納得させる,,Her honesty won over the audience.,ready,,curated_batch41
,abundant,1,2,(量が)豊富な,,Fresh water is abundant here.,ready,,existing_only
,accurate,1,2,(事実や情報が)正確な,,The report was accurate.,ready,,existing_only
,adjust,1,2,(状態に合わせて)調整する,,You can adjust the chair height.,ready,,existing_only
,aggression,1,2,攻撃性 / 敵意,,The coach warned against aggression on the field.,ready,,existing_only
,allocate,1,2,(予算や資源を)割り当てる,,The city allocated more money to schools.,ready,,existing_only
,ambitious,1,2,(大きな目標を持つ)野心的な,,She set an ambitious goal for the year.,ready,,existing_only
,anticipate,1,2,(先を見こして)予期する,,We anticipate a rise in demand.,ready,,existing_only
,apparent,1,2,(見たところ)明らかな,,It soon became apparent that we were lost.,ready,,existing_only
,appeal,1,2,(強く)訴える / (人を)ひきつける,,The idea appeals to young voters.,ready,,existing_only
,appoint,1,2,(役職に)任命する,,They appointed her chair of the committee.,ready,,existing_only
,appreciate,1,2,(価値や重要性を)理解する,,I appreciate your honest feedback.,ready,,existing_only
,arbitrary,1,2,(根拠なく)恣意的な,,The limit seems arbitrary to many users.,ready,,existing_only
,architecture,1,2,建築 / 建築様式,,The city has beautiful architecture.,ready,,existing_only
,asset,1,2,資産 / 強み,,Trust is a valuable asset.,ready,,existing_only
,assign,1,2,(仕事や任務を)割り当てる,,The teacher assigned extra homework.,ready,,existing_only
,assist,1,2,(人を)手助けする,,Two volunteers assisted the elderly man.,ready,,existing_only
,attribute,1,2,(人や物の)属性,,Patience is her best attribute.,ready,,existing_only
,authorize,1,2,(公的に)認可する,,The manager authorized the refund.,ready,,existing_only
,bias,1,2,偏り / 先入観,,The survey showed a clear bias.,ready,,existing_only
,brief,1,2,(時間や文章が)簡潔な,,He gave a brief explanation.,ready,,existing_only
,capacity,1,2,容量 / 能力,,This hall has a large capacity.,ready,,existing_only
,capture,1,2,(注意や心を)引きつける / (映像や変化を)捉える,,The photo captures the moment well.,ready,,existing_only
,cease,1,2,(活動を)やめる,,The noise ceased at midnight.,ready,,existing_only
,challenge,1,2,課題 / 挑戦,,Climate change is a global challenge.,ready,,existing_only
,clarify,1,2,(意味などを)明確にする,,Could you clarify the last point?,ready,,existing_only
,combine,1,2,(複数のものを)組み合わせる,,The recipe combines sweet and sour flavors.,ready,,existing_only
,commence,1,2,(公式に)開始する,,The ceremony will commence at noon.,ready,,existing_only
,commit,1,2,(責任を持って)関わる / (約束を)する,,The company committed itself to safer practices.,ready,,existing_only
,commodity,1,2,(売買される)商品,,Oil is a valuable commodity.,ready,,existing_only
,compatible,1,2,(一緒に使えて)両立する,,This software is compatible with older systems.,ready,,existing_only
,compile,1,2,(情報を集めて)編集する,,She compiled the data into a chart.,ready,,existing_only
,complement,1,2,(不足を)補う / 補完物,,The scarf complements her coat.,ready,,existing_only
,compromise,1,2,妥協 / 譲歩,,They reached a fair compromise.,ready,,existing_only
,concentrate,1,2,(意識や力を)集中する,,Please concentrate on the task.,ready,,existing_only
,conclude,1,2,(検討の末に)結論づける,,The study concluded that sleep matters.,ready,,existing_only
,concrete,1,2,(抽象でなく)具体的な,,We need concrete evidence.,ready,,existing_only
,conflict,1,2,対立 / 食い違い,,The conflict lasted for years.,ready,,existing_only
,conservative,1,2,保守的な,,He comes from a conservative family.,ready,,existing_only
,considerable,1,2,(数量が)かなりの,,The project requires a considerable amount of time.,ready,,existing_only
,consistent,1,2,(方針や態度が)一貫した,,Her results have been consistent for months.,ready,,existing_only
,constant,1,2,(途切れず)絶え間ない,,The machine makes a constant noise.,ready,,existing_only
,context,1,2,(言葉や出来事の)文脈,,You need to see the word in context.,ready,,existing_only
,contribute,1,2,(発展などに)貢献する,,Everyone can contribute ideas to the discussion.,ready,,existing_only
,controversial,1,2,(意見が分かれて)論争を呼ぶ,,The proposal remains highly controversial.,ready,,existing_only
,cope,1,2,(困難に)うまく対処する,,He struggled to cope after the accident.,ready,,existing_only
,core,1,2,中心 / 核心,,Safety is at the core of the plan.,ready,,existing_only
,corporate,1,2,企業の / 法人の,,She works in corporate law.,ready,,existing_only
,correspond,1,2,(内容が)対応する,,The results do not correspond with our expectations.,ready,,existing_only
,criterion,1,2,(判断の)基準,,Cost is an important criterion.,ready,,existing_only
,curious,1,2,(知りたがって)好奇心の強い,,Children are naturally curious.,ready,,existing_only
,currency,1,2,通貨 / 通用,,Digital currency is growing fast.,ready,,existing_only
,decade,1,2,10年間,,The town changed a lot over the last decade.,ready,,existing_only
,decline,1,2,(数や質が)落ちる,,Sales declined in winter.,ready,,existing_only
,deficit,1,2,赤字 / 不足,,The country faces a budget deficit.,ready,,existing_only
,delay,1,2,(時期を)遅らせる,,Fog delayed the flight.,ready,,existing_only
,demand,1,2,需要 / 要求,,There is strong demand for clean energy.,ready,,existing_only
,dense,1,2,(人や建物が)密集した,,The forest is dense and dark.,ready,,existing_only
,deny,1,2,(事実や要求を)否定する,,He denied the accusation.,ready,,existing_only
,depart,1,2,(場所を)出発する,,The train departs at 7:30.,ready,,existing_only
,depend,1,2,(条件しだいで)決まる,,Success depends on preparation.,ready,,existing_only
,depress,1,2,(気分を)落ち込ませる / 憂うつにする,,The news depressed everyone.,ready,,existing_only
,derive,1,2,(別のものから)引き出す,,Many English words derive from Latin.,ready,,existing_only
,diagnose,1,2,(病気を)診断する,,Doctors diagnosed him with pneumonia.,ready,,existing_only
,differ,1,2,(互いに)異なる,,Opinions differ from person to person.,ready,,existing_only
,discriminate,1,2,(不当に)差別する,,It is illegal to discriminate on the basis of age.,ready,,existing_only
,distribute,1,2,(広く)配布する,,Volunteers distributed food to the crowd.,ready,,existing_only
,diverse,1,2,(種類が)多様な,,The city has a diverse population.,ready,,existing_only
,domestic,1,2,(外国でなく)国内の,,Domestic flights were canceled due to snow.,ready,,existing_only
,dominant,1,2,支配的な / 優勢な,,Online shopping has become the dominant trend.,ready,,existing_only
,economy,1,2,(社会全体の)経済,,The local economy depends on tourism.,ready,,existing_only
,emotion,1,2,(人の)感情,,Her voice was full of emotion.,ready,,existing_only
,encourage,1,2,(人を)励ます,,Good teachers encourage curiosity.,ready,,existing_only
,environmental,1,2,環境の / 環境保護に関する,,The group supports environmental education.,ready,,existing_only
,eventual,1,2,(長い過程の末の)最終的な,,Her eventual success inspired the team.,ready,,existing_only
,evident,1,2,(見て)明白な,,Her relief was evident on her face.,ready,,existing_only
,evolve,1,2,(時間をかけて)発展する,,Languages evolve over time.,ready,,existing_only
,exclude,1,2,(対象から)除外する,,The list excludes part-time workers.,ready,,existing_only
,exhibit,1,2,(作品を)展示する / (特徴を)示す,,The museum exhibits local art.,ready,,existing_only
,expenditure,1,2,支出,,Government expenditure rose last year.,ready,,existing_only
,expert,1,2,(その分野の)専門家,,Ask an expert for advice.,ready,,existing_only
,exploit,1,2,(利益のために)利用する,,Some companies exploit cheap labor.,ready,,existing_only
,expose,1,2,(危険や批判に)さらす,,The article exposed serious flaws in the system.,ready,,existing_only
,external,1,2,(組織の)外部の,,The device has no external damage.,ready,,existing_only
,extract,1,2,(情報や成分を)取り出す,,The recipe uses oil extracted from seeds.,ready,,existing_only
,federal,1,2,(国の)連邦の,,Federal law protects this area.,ready,,existing_only
,fee,1,2,料金 / 謝礼,,There is no fee for this class.,ready,,existing_only
,focus,1,2,焦点 / 注目点,,The main focus is safety.,ready,,existing_only
,forecast,1,2,予測 / 予報,,Rain is in the forecast for tomorrow.,ready,,existing_only
,framework,1,2,(考え方の)枠組み,,The report provides a clear framework.,ready,,existing_only
,frequent,1,2,(回数が)頻繁な,,We had frequent power cuts last summer.,ready,,existing_only
,fund,1,2,資金 / 基金,,The charity needs more funds.,ready,,existing_only
,furthermore,1,2,(論を進めて)そのうえ,,"Furthermore, the plan would cost less.",ready,,existing_only
,gender,1,2,(社会的・生物学的な)性別,,The survey asked about age and gender.,ready,,existing_only
,genuine,1,2,(偽物でなく)本物の / 真の,,Her apology sounded genuine.,ready,,existing_only
,harm,1,2,(相手に)害を与える,,Too much sun can harm your skin.,ready,,existing_only
,hazard,1,2,危険 / 危険要因,,Smoke is a serious hazard.,ready,,existing_only
,household,1,2,世帯 / 家庭,,Many households recycle paper.,ready,,existing_only
,ideal,1,2,理想的な / 理想の,,This room is ideal for meetings.,ready,,existing_only
,identify,1,2,(正体を)特定する,,The police identified the suspect.,ready,,existing_only
,ignore,1,2,(意図的に)無視する,,Please do not ignore the warning signs.,ready,,existing_only
,immediate,1,2,(時間を置かず)即時の,,The patient needs immediate care.,ready,,existing_only
,impact,1,2,影響 / 衝撃,,The decision had a big impact.,ready,,existing_only
,include,1,2,(一部として)含む,,The price includes breakfast.,ready,,existing_only
,increase,1,2,増加する,,The company increased wages this year.,ready,,existing_only
,individual,1,2,個人 / 個々の人,,Each individual has different needs.,ready,,existing_only
,infer,1,2,(情報から)推測する,,"From his tone, I inferred that he was upset.",ready,,existing_only
,influence,1,2,(人の考えや行動に)影響を与える,,Friends can strongly influence teenagers.,ready,,existing_only
,initial,1,2,最初の / 初期の,,The initial response was positive.,ready,,existing_only
,insist,1,2,(強く)主張する,,She insisted on paying the bill.,ready,,existing_only
,install,1,2,(設備やソフトを)設置する,,They installed solar panels on the roof.,ready,,existing_only
,internal,1,2,(組織の)内部の,,The report found internal problems.,ready,,existing_only
,interval,1,2,(時間や距離の)間隔,,The buses arrive at 15-minute intervals.,ready,,existing_only
,issue,1,2,(社会的な)問題,,Water safety is a major issue.,ready,,existing_only
,journal,1,2,(研究論文などを載せる)学術誌 / 専門誌,,She published the article in a journal.,ready,,existing_only
,justify,1,2,(理由を示して)正当化する,,Nothing can justify such violence.,ready,,existing_only
,labor,1,2,(肉体・精神の)労働,,The job requires physical labor.,ready,,existing_only
,launch,1,2,(事業や商品を)開始する / 打ち上げる,,The company launched a new service.,ready,,existing_only
,legal,1,2,(法律上)合法の,,You should get legal advice.,ready,,existing_only
,liberal,1,2,自由主義の / 寛大な,,She takes a more liberal view on education.,ready,,existing_only
,limit,1,2,(範囲や量を)制限する,,Parents often limit screen time before bed.,ready,,existing_only
,localize,1,2,地域化する,,Doctors were able to localize the source of the pain.,ready,,existing_only
,maintain,1,2,(よい状態を)維持する,,It is hard to maintain a healthy routine.,ready,,existing_only
,majority,1,2,大多数 / 過半数,,The majority supported the proposal.,ready,,existing_only
,margin,1,2,差 / 余白,,The team won by a small margin.,ready,,existing_only
,mature,1,2,(十分に)成熟した,,He became more mature after the experience.,ready,,existing_only
,maximum,1,2,最大の,,The hall has a maximum capacity of 500.,ready,,existing_only
,measure,1,2,対策 / 測定基準,,The city took strict measures.,ready,,existing_only
,medical,1,2,医学の / 医療の,,He is seeking medical treatment abroad.,ready,,existing_only
,mental,1,2,精神の / 心の,,Regular breaks improve mental focus.,ready,,existing_only
,minor,1,2,些細な,,The car sustained only minor damage.,ready,,existing_only
,mutual,1,2,相互の / 互いの,,The two countries reached a mutual agreement.,ready,,existing_only
,narrow,1,2,狭い / 限定的な,,We crossed a narrow bridge.,ready,,existing_only
,necessary,1,2,(欠かせず)必要な,,A passport is necessary for this trip.,ready,,existing_only
,neglect,1,2,(義務を)怠る,,No child should suffer from neglect.,ready,,existing_only
,notable,1,2,(特に)注目すべき,,She made a notable contribution to the field.,ready,,existing_only
,observe,1,2,(注意して)観察する,,Researchers observed a change in behavior.,ready,,existing_only
,occur,1,2,起こる,,Such errors rarely occur.,ready,,existing_only
,obvious,1,2,(だれの目にも)明らかな,,The answer may seem obvious now.,ready,,existing_only
,ordinary,1,2,普通の / 平凡な,,It was just an ordinary day.,ready,,existing_only
,participate,1,2,(活動に)参加する,,Anyone can participate in the workshop.,ready,,existing_only
,particular,1,2,特定の / 特有の,,He showed particular interest in science.,ready,,existing_only
,perceive,1,2,(感覚や理解で)認識する,,Children perceive time differently from adults.,ready,,existing_only
,permanent,1,2,永続的な / 恒久的な,,The stain left permanent marks.,ready,,existing_only
,permit,1,2,(一般に)許可する,,The museum does not permit flash photography.,ready,,existing_only
,phase,1,2,段階 / 時期,,The project is now in its final phase.,ready,,existing_only
,physical,1,2,身体の / 物理的な,,Regular exercise improves physical strength.,ready,,existing_only
,policy,1,2,(政府や組織の)方針,,The company changed its hiring policy.,ready,,existing_only
,positive,1,2,前向きな / 肯定的な,,She tries to stay positive.,ready,,existing_only
,primary,1,2,主要な / 第一の,,Our primary concern is safety.,ready,,existing_only
,process,1,2,過程 / 処理,,Learning is a slow process.,ready,,existing_only
,professional,1,2,専門職の / 職業上の,,She gave me professional advice.,ready,,existing_only
,promote,1,2,(普及や成長を)促進する / 昇進させる,,The campaign promotes healthy eating.,ready,,existing_only
,prospect,1,2,見通し / 将来性,,The job offers good prospects.,ready,,existing_only
,protect,1,2,(危険から)守る,,Sunscreen helps protect your skin.,ready,,existing_only
,provide,1,2,(必要なものを)提供する,,The course provides practical training.,ready,,existing_only
,publish,1,2,(本や記事を)公表する,,The paper was published last month.,ready,,existing_only
,pursue,1,2,(目標を)追求する,,She decided to pursue a career in law.,ready,,existing_only
,recover,1,2,(失ったものを)回復する,,He recovered quickly after surgery.,ready,,existing_only
,reduce,1,2,(量を)減らす,,This change could reduce traffic noise.,ready,,existing_only
,regulate,1,2,(ルールで)規制する,,The government regulates food safety.,ready,,existing_only
,release,1,2,(製品や情報を)公開する / 解放する,,The studio released a new film.,ready,,existing_only
,rely,1,2,(人や助けに)頼る,,Many villages rely on well water.,ready,,existing_only
,remove,1,2,(その場から)取り除く,,Please remove your shoes at the door.,ready,,existing_only
,require,1,2,(条件として)必要とする,,The job requires patience and skill.,ready,,existing_only
,reserve,1,2,(あらかじめ)予約する / 予備として取っておく,,I reserved a table for six.,ready,,existing_only
,reveal,1,2,(隠れていたことを)明らかにする / 見せる,,The test revealed the problem.,ready,,existing_only
,agree on,2,2,(案や条件に)合意する,,They agreed on a new plan.,ready,,existing_only
,aim at,2,2,(目標として)目指す / 狙う,,The campaign aims at young voters.,ready,,existing_only
,appeal to,2,2,(感情に)訴えかける,,The ad appeals to young people.,ready,,existing_only
,approve of,2,2,(考えや行動に)賛成する,,I do not approve of that idea.,ready,,existing_only
,be based on,2,2,(事実や理論に)基づいている,,The film is based on a true story.,ready,,existing_only
,be composed of,2,2,(要素から)成り立っている,,The committee is composed of five members.,ready,,existing_only
,be concerned about,2,2,(問題を)心配している,,Parents are concerned about online safety.,ready,,existing_only
,be exposed to,2,2,(危険や影響に)さらされる,,Children are exposed to many ads.,ready,,existing_only
,be inclined to,2,2,(ある傾向に)なりがちである,,He is inclined to doubt new ideas.,ready,,existing_only
,be involved in,2,2,(事件や活動に)関わっている,,She was involved in the project.,ready,,existing_only
,break down,2,2,故障する / 分解する,,My car broke down yesterday.,ready,,existing_only
,build up,2,2,(時間をかけて)蓄積する,,Stress can build up over time.,ready,,existing_only
,call for,2,2,(状況が)必要とする,,The crisis calls for quick action.,ready,,existing_only
,carry out,2,2,(計画を)実行する,,The researchers carried out the experiment.,ready,,existing_only
,catch up with,2,2,(人や流れに)追いつく,,I ran to catch up with Ken.,ready,,existing_only
,come across,2,2,偶然出会う / ふと見つける,,I came across an old photo.,ready,,existing_only
,come up with,2,2,思いつく / 考え出す,,She came up with a good idea.,ready,,existing_only
,consist of,2,2,(要素から)成る,,The team consists of five members.,ready,,existing_only
,cope with,2,2,(問題や状況に)対処する,,She learned to cope with stress.,ready,,existing_only
,deal with,2,2,(問題を)扱う / 対処する,,He dealt with the complaint well.,ready,,existing_only
,depend on,2,2,(条件や人に)依存する,,Success depends on hard work.,ready,,existing_only
,differ from,2,2,(〜とは)異なる,,My view differs from yours.,ready,,existing_only
,distinguish A from B,2,2,AとBを区別する,,Can you distinguish fact from opinion?,ready,,existing_only
,draw attention to,2,2,注意を向ける / 問題提起する,,The report draws attention to rural poverty.,ready,,existing_only
,drop out of,2,2,(学校などを)中退する,,He dropped out of college.,ready,,existing_only
,engage in,2,2,(活動に)従事する,,Many students engage in volunteer work.,ready,,existing_only
,figure out,2,2,理解する / 解決する,,It took us hours to figure out the cause.,ready,,existing_only
,fill in,2,2,(用紙に)記入する,,Please fill in this form.,ready,,existing_only
,focus on,2,2,(一点に)集中する / 重点を置く,,The discussion focused on practical solutions.,ready,,existing_only
,gain access to,2,2,(情報や場所を)利用できるようになる,,Only staff can gain access to the room.,ready,,existing_only
,get rid of,2,2,(不要なものを)取り除いてなくす,,She finally got rid of the broken printer.,ready,,existing_only
,go through,2,2,経験する / ひと通り確認する,,She went through a hard time.,ready,,existing_only
,hold back,2,2,抑える / 引き止める,,Do not hold back your opinion.,ready,,existing_only
,in accordance with,2,2,(規則などに)従って,,The work was done in accordance with the rules.,ready,,existing_only
,in addition to,2,2,(〜に)加えて,,"In addition to English, he studies math.",ready,,existing_only
,in charge of,2,2,(仕事を)担当して,,She is in charge of sales.,ready,,existing_only
,in contrast to,2,2,(〜とは)対照的に,,"In contrast to his brother, he is quiet.",ready,,existing_only
,in favor of,2,2,(案などに)賛成して,,Most members are in favor of the plan.,ready,,existing_only
,in terms of,2,2,(〜の観点で),,The idea works well in terms of cost.,ready,,existing_only
,keep up with,2,2,(変化や人に)遅れずについていく,,Small firms struggle to keep up with rapid change.,ready,,existing_only
,lead to,2,2,(結果として)つながる,,Poor sleep can lead to mistakes.,ready,,existing_only
,look into,2,2,調べる / 検討する,,The police will look into the case.,ready,,existing_only
,make a difference,2,2,(結果に)変化をもたらす,,Small steps can make a difference.,ready,,existing_only
,make up for,2,2,(損失などを)埋め合わせる,,I worked late to make up for lost time.,ready,,existing_only
,object to,2,2,(提案などに)反対する,,Some people object to the change.,ready,,existing_only
,participate in,2,2,(活動や会合に)参加する,,Many students participate in the event.,ready,,existing_only
,pay attention to,2,2,(細部に)注意を払う,,Please pay attention to the signs.,ready,,existing_only
,point out,2,2,(問題点を)指摘する / 明確に示す,,She pointed out the main problem.,ready,,existing_only
,prevent A from B,2,2,AがBするのを防ぐ,,The lock prevents children from opening the door.,ready,,existing_only
,put off,2,2,(予定を)延期する,,We had to put off the meeting.,ready,,existing_only
,recover from,2,2,(病気や失敗から)回復する,,He recovered from the flu.,ready,,existing_only
,refer to,2,2,(話題として)言及する / 参照する,,The guide refers to local customs.,ready,,existing_only
,rely on,2,2,(人や支援に)頼る,,Many farmers rely on rain.,ready,,existing_only
,result in,2,2,(結果として)〜になる,,Careless driving can result in accidents.,ready,,existing_only
,result from,2,2,(〜が原因で)生じる,,The delay resulted from bad weather.,ready,,existing_only
,run out of,2,2,(資源などを)使い果たす,,We ran out of paper.,ready,,existing_only
,set up,2,2,(組織を)設立する / (設備を)設置する,,They set up a small business.,ready,,existing_only
,show up,2,2,現れる / 姿を見せる,,Only ten people showed up.,ready,,existing_only
,stand for,2,2,表す / 支持する,,NPO stands for non-profit organization.,ready,,existing_only
,suffer from,2,2,(病気や問題に)苦しむ,,Many people suffer from back pain.,ready,,existing_only
,take advantage of,2,2,(機会を)活用する / 利用する,,Students should take advantage of this chance.,ready,,existing_only
,take care of,2,2,(人や物の)世話をする,,She takes care of her grandmother.,ready,,existing_only
,take into account,2,2,(事情を考えて)考慮に入れる / 計算に入れる,,The judge took his age into account.,ready,,existing_only
,take part in,2,2,(一員として)参加する,,He took part in the contest.,ready,,existing_only
,take responsibility for,2,2,(結果に)責任を負う,,Leaders must take responsibility for mistakes.,ready,,existing_only
,turn down,2,2,断る / 音量などを下げる,,She turned down the offer.,ready,,existing_only
,turn out,2,2,判明する / 結果的に〜になる,,The plan turned out well.,ready,,existing_only
,work on,2,2,(課題に)取り組む / 働きかける,,We are working on a new app.,ready,,existing_only
,be aware of,2,2,(事実に)気づいている,,You should be aware of the risk.,ready,,existing_only
,bear in mind,2,2,(重要点を)心に留める,,Bear in mind that time is limited.,ready,,existing_only
,face criticism,2,2,批判に直面する / 批判を受ける,,The company faced criticism online.,ready,,existing_only
,gain popularity,2,2,(広く)人気を得る,,The game gained popularity quickly.,ready,,existing_only
,have an impact on,2,2,(結果や社会に)影響を及ぼす,,The decision had an impact on prices.,ready,,existing_only
,keep track of,2,2,(変化や記録を)追う,,I use an app to keep track of my spending.,ready,,existing_only
,meet a deadline,2,2,(仕事を)締め切りに間に合わせる,,We worked late to meet the deadline.,ready,,existing_only
,on behalf of,2,2,(人や組織を)代表して,,She spoke on behalf of the team.,ready,,existing_only
,play a role in,2,2,(物事に)役割を果たす,,Diet plays a role in health.,ready,,existing_only
,pose a threat to,2,2,(安全などへの)脅威となる,,Plastic waste poses a threat to sea life.,ready,,existing_only
,raise awareness of,2,2,(問題への)意識を高める,,The campaign raised awareness of food waste.,ready,,existing_only
,reach a conclusion,2,2,(考えた末に)結論に達する,,The team finally reached a conclusion.,ready,,existing_only
,under pressure,2,2,重圧の中で / 追い詰められて,,He works well under pressure.,ready,,existing_only
,with regard to,2,2,(話題に)関して,,I have a question with regard to fees.,ready,,existing_only
,at first glance,2,2,(ぱっと見て)一見したところ,,"At first glance, the answer seemed easy.",ready,,existing_only
,for the sake of,2,2,(利益や目的の)ために,,They moved for the sake of safety.,ready,,existing_only
,in the long run,2,2,(短期でなく)長期的には,,The change will help in the long run.,ready,,existing_only
,out of date,2,2,時代遅れの / 期限切れの,,This data is out of date.,ready,,existing_only
,take effect,2,2,効力を生じる / 発効する,,The new rule takes effect next month.,ready,,existing_only
,with the exception of,2,2,(一部を)除いて,,"With the exception of one student, everyone passed.",ready,,existing_only
,I can see why you feel that way.,3,1,そう感じる理由は分かります。,,,ready,,pre1_level3_conversation_batch01
,That makes a lot of sense.,3,1,それはとても筋が通っています。,,,ready,,pre1_level3_conversation_batch01
,I see what you're getting at.,3,1,言いたいことは分かります。,,,ready,,pre1_level3_conversation_batch01
,You may have a point there.,3,1,それは一理あるかもしれません。,,,ready,,pre1_level3_conversation_batch01
,I agree up to a point.,3,1,ある程度は賛成です。,,,ready,,pre1_level3_conversation_batch01
,I'm with you on that.,3,1,その点は私も同意見です。,,,ready,,pre1_level3_conversation_batch01
,I can relate to that.,3,1,その気持ちはよく分かります。,,,ready,,pre1_level3_conversation_batch01
,That's a fair point.,3,1,それはもっともな指摘です。,,,ready,,pre1_level3_conversation_batch01
,I hadn't thought of it that way.,3,1,そういう見方はしていませんでした。,,,ready,,pre1_level3_conversation_batch01
,That's a good way to put it.,3,1,うまい言い方ですね。,,,ready,,pre1_level3_conversation_batch01
,I'm not entirely sure about that.,3,1,それについては完全には確信がありません。,,,ready,,pre1_level3_conversation_batch01
,I'm not so sure I agree.,3,1,そこは少し意見が違う気がします。,,,ready,,pre1_level3_conversation_batch01
,That's not always the case.,3,1,いつもそうとは限りません。,,,ready,,pre1_level3_conversation_batch01
,I wouldn't go that far.,3,1,そこまでは言わないです。,,,ready,,pre1_level3_conversation_batch01
,I'm not convinced that's true.,3,1,それが本当だとはまだ思えません。,,,ready,,pre1_level3_conversation_batch01
,That may be true in some cases.,3,1,場合によってはそうかもしれません。,,,ready,,pre1_level3_conversation_batch01
,I see it a little differently.,3,1,私は少し違う見方をしています。,,,ready,,pre1_level3_conversation_batch01
,That depends on the situation.,3,1,それは状況次第です。,,,ready,,pre1_level3_conversation_batch01
,It depends on how you define it.,3,1,それをどう定義するかによります。,,,ready,,pre1_level3_conversation_batch01
,It's hard to say for sure.,3,1,はっきりとは言いにくいです。,,,ready,,pre1_level3_conversation_batch01
,I'd have to think about that.,3,1,それは少し考える必要があります。,,,ready,,pre1_level3_conversation_batch01
,That's an interesting question.,3,1,それは興味深い質問ですね。,,,ready,,pre1_level3_conversation_batch01
,I'm still figuring that out.,3,1,それはまだ自分の中で整理しているところです。,,,ready,,pre1_level3_conversation_batch01
,I need a little time to think.,3,1,少し考える時間が必要です。,,,ready,,pre1_level3_conversation_batch01
,That's a tough one.,3,1,それはなかなか難しいですね。,,,ready,,pre1_level3_conversation_batch01
,What exactly do you mean?,3,1,具体的にはどういう意味ですか。,,,ready,,pre1_level3_conversation_batch01
,Could you be a bit more specific?,3,1,もう少し具体的に言ってもらえますか。,,,ready,,pre1_level3_conversation_batch01
,Can you give me an example?,3,1,例を挙げてもらえますか。,,,ready,,pre1_level3_conversation_batch01
,What makes you say that?,3,1,そう思う理由は何ですか。,,,ready,,pre1_level3_conversation_batch01
,Are you saying that it's unavoidable?,3,1,それは避けられないと言っているのですか。,,,ready,,pre1_level3_conversation_batch01
,Let me make sure I understand.,3,1,ちゃんと理解できているか確認させてください。,,,ready,,pre1_level3_conversation_batch01
,So what you're saying is this.,3,1,つまりあなたが言いたいのはこういうことですね。,,,ready,,pre1_level3_conversation_batch01
,If I understand you correctly.,3,1,私の理解が正しければ。,,,ready,,pre1_level3_conversation_batch01
,To put it simply.,3,1,簡単に言うと。,,,ready,,pre1_level3_conversation_batch01
,To put it another way.,3,1,別の言い方をすると。,,,ready,,pre1_level3_conversation_batch01
,What I mean is this.,3,1,私が言いたいのはこういうことです。,,,ready,,pre1_level3_conversation_batch01
,When you put it that way.,3,1,そういう言い方をされると。,,,ready,,pre1_level3_conversation_batch01
,What I'm getting at is this.,3,1,私が言いたいのはこういうことです。,,,ready,,pre1_level3_conversation_batch01
,That's basically what I'm saying.,3,1,だいたいそういうことを言っています。,,,ready,,pre1_level3_conversation_batch01
,Let me rephrase that.,3,1,言い換えさせてください。,,,ready,,pre1_level3_conversation_batch01
,Maybe I didn't make that clear.,3,1,もしかすると私の言い方が分かりにくかったかもしれません。,,,ready,,pre1_level3_conversation_batch01
,That's not quite what I meant.,3,1,それは私の意図と少し違います。,,,ready,,pre1_level3_conversation_batch01
,If you ask me.,3,1,私に言わせれば。,,,ready,,pre1_level3_conversation_batch01
,From what I can tell.,3,1,私が見るかぎりでは。,,,ready,,pre1_level3_conversation_batch01
,I think it's worth a try.,3,1,やってみる価値はあると思います。,,,ready,,pre1_level3_conversation_batch01
,The way I see it.,3,1,私が思うには。,,,ready,,pre1_level3_conversation_batch01
,I tend to think so too.,3,1,私もどちらかといえばそう思います。,,,ready,,pre1_level3_conversation_batch01
,I'm inclined to agree.,3,1,どちらかといえば賛成です。,,,ready,,pre1_level3_conversation_batch01
,I've come to think that lately.,3,1,最近はそう考えるようになりました。,,,ready,,pre1_level3_conversation_batch01
,On the one hand that's true.,3,1,一方ではそれは確かです。,,,ready,,pre1_level3_conversation_batch01
,On the other hand we should be careful.,3,1,その一方で注意も必要です。,,,ready,,pre1_level3_conversation_batch01
,At the same time I understand your concern.,3,1,同時にあなたの懸念も分かります。,,,ready,,pre1_level3_conversation_batch01
,"Still, we can't ignore the risks.",3,1,それでもリスクは無視できません。,,,ready,,pre1_level3_conversation_batch01
,Even so I wouldn't give up yet.,3,1,それでも私はまだ諦めません。,,,ready,,pre1_level3_conversation_batch01
,You're right in a way.,3,1,ある意味ではあなたの言う通りです。,,,ready,,pre1_level3_conversation_batch01
,For that reason I'm hesitant.,3,1,そういう理由で私はためらっています。,,,ready,,pre1_level3_conversation_batch01
,That's partly true.,3,1,それは一部その通りです。,,,ready,,pre1_level3_conversation_batch01
,I can understand how you feel.,3,1,あなたの気持ちは理解できます。,,,ready,,pre1_level3_conversation_batch01
,That must have been difficult.,3,1,それは大変だったでしょうね。,,,ready,,pre1_level3_conversation_batch01
,That sounds a bit stressful.,3,1,それは少し大変そうですね。,,,ready,,pre1_level3_conversation_batch01
,I don't blame you for feeling that way.,3,1,そう感じるのも無理はありません。,,,ready,,pre1_level3_conversation_batch01
,I've felt the same way before.,3,1,私も前に同じように感じたことがあります。,,,ready,,pre1_level3_conversation_batch01
,That would bother me too.,3,1,それは私でも気になると思います。,,,ready,,pre1_level3_conversation_batch01
,I know what that's like.,3,1,そういう感じはよく分かります。,,,ready,,pre1_level3_conversation_batch01
,That doesn't sound easy.,3,1,それは簡単そうには聞こえません。,,,ready,,pre1_level3_conversation_batch01
,You're probably not the only one.,3,1,そう感じているのはあなただけではないと思います。,,,ready,,pre1_level3_conversation_batch01
,It's not as simple as it sounds.,3,1,聞こえるほど単純ではありません。,,,ready,,pre1_level3_conversation_batch01
,It's a little more complicated than that.,3,1,それはもう少し複雑です。,,,ready,,pre1_level3_conversation_batch01
,There's more to it than that.,3,1,それだけではありません。,,,ready,,pre1_level3_conversation_batch01
,That's one way to look at it.,3,1,それも一つの見方です。,,,ready,,pre1_level3_conversation_batch01
,I wouldn't rule that out.,3,1,その可能性は否定しません。,,,ready,,pre1_level3_conversation_batch01
,That might actually work.,3,1,それは意外とうまくいくかもしれません。,,,ready,,pre1_level3_conversation_batch01
,It's worth thinking about.,3,1,考えてみる価値があります。,,,ready,,pre1_level3_conversation_batch01
,I wouldn't dismiss that idea.,3,1,その考えを切り捨てはしません。,,,ready,,pre1_level3_conversation_batch01
,That could be part of the problem.,3,1,それが問題の一部かもしれません。,,,ready,,pre1_level3_conversation_batch01
,That seems reasonable to me.,3,2,私にはそれが妥当に思えます。,,,ready,,pre1_level3_conversation_batch01
,I'd rather not jump to conclusions.,3,2,早まって結論は出したくありません。,,,ready,,pre1_level3_conversation_batch01
,We should keep an open mind.,3,2,先入観を持たずに考えるべきです。,,,ready,,pre1_level3_conversation_batch01
,I think we need more information.,3,2,もっと情報が必要だと思います。,,,ready,,pre1_level3_conversation_batch01
,We may be missing something important.,3,2,何か大事なことを見落としているかもしれません。,,,ready,,pre1_level3_conversation_batch01
,It's too early to tell.,3,2,まだ判断するには早すぎます。,,,ready,,pre1_level3_conversation_batch01
,I wouldn't be surprised if that were true.,3,2,それが本当でも驚きません。,,,ready,,pre1_level3_conversation_batch01
,That's certainly a possibility.,3,2,それは十分あり得ます。,,,ready,,pre1_level3_conversation_batch01
,There's a chance we're overthinking it.,3,2,私たちは考えすぎている可能性があります。,,,ready,,pre1_level3_conversation_batch01
,I wouldn't take that at face value.,3,2,それをそのまま鵜呑みにはしません。,,,ready,,pre1_level3_conversation_batch01
,It's better to be cautious.,3,2,慎重であるに越したことはありません。,,,ready,,pre1_level3_conversation_batch01
,I can see where you're coming from.,3,2,あなたの考え方は理解できます。,,,ready,,pre1_level3_conversation_batch01
,That doesn't necessarily mean it's wrong.,3,2,だからといってそれが間違いだとは限りません。,,,ready,,pre1_level3_conversation_batch01
,I'm not saying it's impossible.,3,2,不可能だと言っているわけではありません。,,,ready,,pre1_level3_conversation_batch01
,We should look at the bigger picture.,3,2,もっと大きな視点で見るべきです。,,,ready,,pre1_level3_conversation_batch01
,That's easier said than done.,3,2,言うのは簡単ですが実行は難しいです。,,,ready,,pre1_level3_conversation_batch01
,I'm not ready to rule it out.,3,2,それを完全に否定するつもりはありません。,,,ready,,pre1_level3_conversation_batch01
,That may not be the best approach.,3,2,それは最善のやり方ではないかもしれません。,,,ready,,pre1_level3_conversation_batch01
,I can see the logic behind that.,3,2,その考えの筋道は分かります。,,,ready,,pre1_level3_conversation_batch01
,That sounds good in theory.,3,2,理屈としてはよさそうです。,,,ready,,pre1_level3_conversation_batch01
,I'm not sure that's the main issue.,3,2,それが一番の問題とは限らない気がします。,,,ready,,pre1_level3_conversation_batch01
,We need to be realistic about this.,3,2,この件は現実的に考える必要があります。,,,ready,,pre1_level3_conversation_batch01
,That could lead to misunderstandings.,3,2,それは誤解につながるかもしれません。,,,ready,,pre1_level3_conversation_batch01
,I'd rather focus on what we can do now.,3,2,今できることに集中したいです。,,,ready,,pre1_level3_conversation_batch01
,I think that's a step in the right direction.,3,2,それは良い方向への一歩だと思います。,,,ready,,pre1_level3_conversation_batch01
,Sounds about right.,3,2,だいたいそんな感じだと思います。,,,ready,,pre1_level3_conversation_batch02
,That works for me.,3,2,それで大丈夫です。,,,ready,,pre1_level3_conversation_batch02
,I'm not ruling it out.,3,2,その可能性を否定するつもりはありません。,,,ready,,pre1_level3_conversation_batch02
,That's not a bad idea.,3,2,それは悪くない考えですね。,,,ready,,pre1_level3_conversation_batch02
,I was just thinking that.,3,2,ちょうど私もそう思っていました。,,,ready,,pre1_level3_conversation_batch02
,That crossed my mind too.,3,2,私もそれを思い浮かべていました。,,,ready,,pre1_level3_conversation_batch02
,I don't quite see it that way.,3,2,私はそこまでそうは思いません。,,,ready,,pre1_level3_conversation_batch02
,I'm not fully convinced.,3,2,まだ完全には納得していません。,,,ready,,pre1_level3_conversation_batch02
,I'm on the fence about it.,3,2,それについてはまだ決めかねています。,,,ready,,pre1_level3_conversation_batch02
,That's a tough call.,3,2,それは判断が難しいですね。,,,ready,,pre1_level3_conversation_batch02
,It could go either way.,3,2,どちらに転ぶか分かりません。,,,ready,,pre1_level3_conversation_batch02
,That's a valid concern.,3,2,それはもっともな懸念です。,,,ready,,pre1_level3_conversation_batch02
,I get the point you're making.,3,2,あなたの言いたい点は分かります。,,,ready,,pre1_level3_conversation_batch02
,I'm not sure I follow.,3,2,話を十分に追えていないかもしれません。,,,ready,,pre1_level3_conversation_batch02
,Could you walk me through that?,3,2,そこを順を追って説明してもらえますか。,,,ready,,pre1_level3_conversation_batch02
,What makes you feel that way?,3,2,どうしてそう感じるのですか。,,,ready,,pre1_level3_conversation_batch02
,What brought you to that conclusion?,3,2,どうしてそういう結論になったのですか。,,,ready,,pre1_level3_conversation_batch02
,I get where you're going with this.,3,2,あなたがこの話をどこに持っていきたいのか分かります。,,,ready,,pre1_level3_conversation_batch02
,I wouldn't count on it.,3,2,それはあまり当てにしないほうがいいです。,,,ready,,pre1_level3_conversation_batch02
,I wouldn't read too much into that.,3,2,それを深読みしすぎないほうがいいです。,,,ready,,pre1_level3_conversation_batch02
,That doesn't sound like the whole story.,3,2,それだけが話のすべてには聞こえません。,,,ready,,pre1_level3_conversation_batch02
,I'm not sure it works that way.,3,2,それがそういう仕組みかは分かりません。,,,ready,,pre1_level3_conversation_batch02
,That might be pushing it.,3,2,それは少し言いすぎかもしれません。,,,ready,,pre1_level3_conversation_batch02
,I don't know if that's fair.,3,2,それが公平かどうかは分かりません。,,,ready,,pre1_level3_conversation_batch02
,I'm not against it.,3,2,それに反対というわけではありません。,,,ready,,pre1_level3_conversation_batch02
,I'm all for that.,3,2,私はそれに大賛成です。,,,ready,,pre1_level3_conversation_batch02
,I can go with that.,3,2,それでいけます。,,,ready,,pre1_level3_conversation_batch02
,I'm not ready to commit to that.,3,2,それに決めるにはまだ早いです。,,,ready,,pre1_level3_conversation_batch02
,Let's not get ahead of ourselves.,3,2,先走りすぎないようにしましょう。,,,ready,,pre1_level3_conversation_batch02
,Let's see how it goes.,3,2,少し様子を見ましょう。,,,ready,,pre1_level3_conversation_batch02
,Let's see where this goes.,3,2,この先どうなるか見てみましょう。,,,ready,,pre1_level3_conversation_batch02
,I'm keeping an open mind.,3,2,先入観を持たずに考えています。,,,ready,,pre1_level3_conversation_batch02
,That seems about right to me.,3,2,私にはだいたい妥当に思えます。,,,ready,,pre1_level3_conversation_batch02
,That adds up.,3,2,それなら筋が通っています。,,,ready,,pre1_level3_conversation_batch02
,I can work with that.,3,2,それを前提に進められます。,,,ready,,pre1_level3_conversation_batch02
,That's more like it.,3,2,そういう方向ならいいですね。,,,ready,,pre1_level3_conversation_batch02
,I'm not making excuses.,3,2,言い訳をしているわけではありません。,,,ready,,pre1_level3_conversation_batch02
,I'm just being realistic.,3,2,ただ現実的に考えているだけです。,,,ready,,pre1_level3_conversation_batch02
,I'm trying to be careful.,3,2,慎重に進めようとしているだけです。,,,ready,,pre1_level3_conversation_batch02
,That's not what I'm getting at.,3,2,私が言いたいのはそういうことではありません。,,,ready,,pre1_level3_conversation_batch02
,Let me think for a second.,3,2,少し考えさせてください。,,,ready,,pre1_level3_conversation_batch02
,I'm still not convinced.,3,2,私はまだ納得していません。,,,ready,,pre1_level3_conversation_batch02
,I can see that happening.,3,2,そうなる可能性はあると思います。,,,ready,,pre1_level3_conversation_batch02
,I can see why that matters.,3,2,それが大事な理由は分かります。,,,ready,,pre1_level3_conversation_batch02
,I'm not saying you're wrong.,3,2,あなたが間違っていると言いたいわけではありません。,,,ready,,pre1_level3_conversation_batch02
,I'm trying to look at both sides.,3,2,両方の立場から見ようとしています。,,,ready,,pre1_level3_conversation_batch02
,I'm not sure I'm with you there.,3,2,そこは少し同意しかねます。,,,ready,,pre1_level3_conversation_batch02
,I'm not sure that's enough.,3,2,それで十分かは分かりません。,,,ready,,pre1_level3_conversation_batch02
,That may be part of it.,3,2,それも一因かもしれません。,,,ready,,pre1_level3_conversation_batch02
,I'm not sure what to make of that.,3,2,それをどう受け止めればいいのかまだ分かりません。,,,ready,,pre1_level3_conversation_batch02
